date,open,high,low,volume,close
2018-01-01,13269.8,13571.47,13129.92,3386730442.24,13451.37
2018-01-02,13708.38,13756.05,13083.53,158688125.0,13393.22
2018-01-03,13088.32,13578.15,12905.03,2729257988.21,13471.01
2018-01-04,13630.33,14189.62,13526.43,42428810.79,13862.86
2018-01-05,13912.52,14134.52,13888.71,1689606780.11,14047.16
2018-01-06,13205.93,13589.08,13125.37,3022592896.52,13536.71
2018-01-07,13758.86,14294.41,13387.73,2764682750.05,13729.01
2018-01-08,13470.26,13803.53,13136.12,2890987204.83,13209.19
2018-01-09,12965.52,13333.28,12488.28,1171626522.94,13180.71
2018-01-10,12770.64,13229.34,12584.54,1830512573.06,13083.87
2018-01-11,12749.36,13414.58,12569.87,3049563718.28,12930.14
2018-01-12,12833.23,13473.37,12403.78,1903482654.37,13091.55
2018-01-13,13604.7,13977.26,13473.15,3882239558.62,13558.38
2018-01-14,13306.6,13543.87,12942.24,1346026971.12,13526.5
2018-01-15,14032.79,14209.43,13533.77,1984203186.29,13722.9
2018-01-16,14880.45,15153.57,14092.38,1240671263.39,14519.31
2018-01-17,14329.06,14843.66,13914.21,1104410588.19,14256.71
2018-01-18,14574.52,14871.56,13637.43,245110713.37,14152.04
2018-01-19,14790.56,15040.32,13991.33,1914280239.67,14535.83
2018-01-20,15302.82,15626.7,14843.28,4305290714.15,14860.47
2018-01-21,15620.78,15956.3,14999.14,3208399374.91,15452.31
2018-01-22,15135.6,15766.28,14804.87,4769541478.33,15496.78
2018-01-23,15712.68,15824.97,15657.22,4353887663.49,15712.13
2018-01-24,15308.72,15892.17,15069.27,772667950.06,15496.12
2018-01-25,15793.69,16128.74,14912.99,1627538724.45,15533.99
2018-01-26,14617.97,15611.33,14547.06,4160010991.51,15051.94
2018-01-27,15346.32,15927.61,14457.15,2435092411.95,15005.98
2018-01-28,14736.21,15587.44,14598.18,650673407.85,15127.21
2018-01-29,14448.58,15166.6,14115.19,1066873045.16,14655.17
2018-01-30,14761.49,15192.49,14256.19,1565464293.59,14726.77
2018-01-31,15203.24,15575.84,14668.7,1131239711.79,15259.92
2018-02-01,15094.99,15601.78,14630.13,1108884748.41,15243.07
2018-02-02,15472.79,16298.23,15385.92,363578175.94,15728.59
2018-02-03,15717.15,16395.46,15223.15,670236125.14,15968.17
2018-02-04,16418.54,16961.65,16292.12,960145472.67,16445.51
2018-02-05,15842.03,16514.57,15476.76,2340453093.5,16234.65
2018-02-06,16624.36,16689.81,15769.03,1703120000.92,16155.06
2018-02-07,15893.67,16051.76,15052.21,2248581603.69,15556.1
2018-02-08,15049.58,15843.21,14714.36,4308132032.76,15278.94
2018-02-09,15471.01,15502.31,15423.99,4181777649.55,15424.43
2018-02-10,16629.35,16739.98,15953.44,1076599023.0,16288.57
2018-02-11,16012.87,16146.3,15615.09,4926691130.46,16108.52
2018-02-12,15997.96,16312.69,15970.65,4977159220.57,16041.27
2018-02-13,16796.24,17278.9,16174.27,1490572049.22,16740.23
2018-02-14,17324.0,17842.32,16628.55,2925046196.35,17280.25
2018-02-15,17172.16,17757.88,16590.57,4804286727.34,17169.22
2018-02-16,17509.59,17982.5,16877.7,608234203.6,17410.31
2018-02-17,17955.79,18132.63,17260.37,3100713736.56,17544.94
2018-02-18,17060.75,17698.63,16495.17,3583797085.94,17037.46
2018-02-19,17040.09,17585.58,16816.31,1506985428.2,17311.52
2018-02-20,16583.14,17331.64,16582.11,4980521274.8,17019.65
2018-02-21,17217.1,17820.17,16711.05,4666964296.19,17669.51
2018-02-22,18191.5,18450.73,18070.53,3520664226.19,18335.04
2018-02-23,17812.11,18515.5,17448.66,49037304.69,17693.55
2018-02-24,18021.21,18698.03,17228.27,585989065.39,17846.25
2018-02-25,17090.18,17890.18,16592.75,3028100836.88,17502.86
2018-02-26,17583.68,17769.35,17086.32,4527629090.49,17443.19
2018-02-27,17511.26,17575.91,16759.47,1390634317.62,17155.01
2018-02-28,18038.52,18227.53,17706.15,2762885301.42,17891.33
2018-03-01,17830.74,17915.37,17171.18,4416700902.57,17908.45
2018-03-02,18740.21,19176.86,17745.36,645953141.22,18371.39
2018-03-03,17836.36,18692.79,17690.9,4304905884.18,18043.95
2018-03-04,18018.42,18368.56,17859.95,4421832160.24,18293.34
2018-03-05,18005.3,18556.55,17396.4,4650106268.31,18107.02
2018-03-06,19276.12,19955.73,18185.1,3685456714.06,18923.27
2018-03-07,17770.09,18619.19,17629.51,4321679501.59,17950.83
2018-03-08,18394.32,18473.85,17990.07,4294380324.18,18082.53
2018-03-09,17456.37,18331.85,17079.52,1532902428.02,17752.01
2018-03-10,17331.74,17979.49,16866.04,4323121180.73,17841.66
2018-03-11,18025.21,18226.46,17282.57,2004395137.96,17534.02
2018-03-12,18549.92,18635.5,18052.21,901053402.7,18073.6
2018-03-13,18507.16,18703.68,17365.21,2178473155.24,18007.42
2018-03-14,18069.34,18438.99,17513.37,2887174337.05,17954.92
2018-03-15,17310.44,18067.1,16619.19,4628620075.84,17568.99
2018-03-16,17134.24,17593.87,16459.56,359169317.52,16889.07
2018-03-17,16892.85,17115.97,16268.93,4241596244.74,16728.01
2018-03-18,16470.59,16933.42,16076.88,1485319460.6,16661.24
2018-03-19,15950.69,16589.94,15912.64,3389816546.91,16315.55
2018-03-20,16577.2,17145.3,15914.39,1441699447.18,16777.58
2018-03-21,16375.85,16826.54,16149.67,2330291069.33,16445.03
2018-03-22,16152.53,16761.75,16020.74,856760067.03,16178.56
2018-03-23,15872.73,16613.88,15639.68,1682589394.49,16278.26
2018-03-24,16732.86,16883.21,16030.62,131882684.76,16561.15
2018-03-25,15689.52,16236.28,15595.22,373412863.63,15933.46
2018-03-26,15167.85,15881.51,14861.08,1227482353.5,15451.13
2018-03-27,15877.25,15880.77,15573.27,3852530480.98,15729.96
2018-03-28,15742.18,16669.57,15438.65,260589741.85,16054.39
2018-03-29,16071.03,16870.24,15721.62,4009068842.59,16316.56
2018-03-30,15806.6,16407.27,15648.33,3067135090.58,15716.59
2018-03-31,14895.68,15196.44,14602.61,2743881033.55,14702.25
2018-04-01,15163.48,15344.01,14706.91,3191930569.51,15186.56
2018-04-02,15045.71,15359.44,14588.41,1380241260.12,14809.51
2018-04-03,14871.43,15270.78,14597.88,700486566.97,15077.95
2018-04-04,14977.17,15645.17,14801.29,330501965.06,15222.62
2018-04-05,14749.7,14947.26,14407.59,4525144006.92,14824.61
2018-04-06,15154.94,15576.57,14992.46,3830316934.83,15078.87
2018-04-07,14915.07,15502.48,14827.64,4767617388.97,15048.92
2018-04-08,15003.6,15527.67,14731.22,3020230418.82,15076.86
2018-04-09,15067.46,15143.25,14667.35,3398918006.29,15125.69
2018-04-10,15298.97,15488.89,14973.03,646862708.43,15387.31
2018-04-11,15225.19,15668.54,14632.68,3217320743.57,15322.62
2018-04-12,14926.82,15542.21,14359.77,1901728282.3,15260.38
2018-04-13,15581.82,15818.12,15189.18,4161302182.92,15341.36
2018-04-14,15439.78,15724.09,14834.16,2701701049.13,15672.74
2018-04-15,16180.87,16686.51,15813.02,3773623688.26,16036.4
2018-04-16,16468.79,16600.12,15407.81,770387905.47,16036.19
2018-04-17,16517.91,16661.92,16256.94,3836821510.8,16454.75
2018-04-18,16554.2,17301.16,16387.28,581519028.18,16890.88
2018-04-19,16943.53,17369.36,16477.22,3389962961.38,17351.54
2018-04-20,16783.36,17049.65,16148.12,389222424.44,16334.32
2018-04-21,15740.03,16623.45,15645.77,3006053957.94,16125.19
2018-04-22,15243.18,16211.65,15110.64,1742546788.89,15597.82
2018-04-23,15265.42,15473.78,15168.14,4113431281.27,15259.96
2018-04-24,15054.69,16012.23,14835.24,4145249481.9,15419.63
2018-04-25,15525.15,16124.71,14863.36,4042914101.85,15310.38
2018-04-26,14949.86,15238.99,14578.95,3657820809.38,14915.7
2018-04-27,15126.0,15178.43,14761.45,1226878561.56,14831.68
2018-04-28,15518.36,15930.94,15132.87,153212988.87,15551.29
2018-04-29,15426.12,16198.21,15019.08,4402796698.99,15697.26
2018-04-30,15684.06,15857.38,14883.4,4740832263.11,15496.99
2018-05-01,16016.93,16513.99,15818.72,3233055469.71,16027.92
2018-05-02,16346.52,16874.28,15753.5,1115766038.36,16355.53
2018-05-03,16309.9,16618.65,15925.94,2133264025.4,16230.48
2018-05-04,16141.19,16354.76,15717.41,1361872970.61,15906.47
2018-05-05,15611.33,15980.75,15321.5,3813326151.33,15904.69
2018-05-06,15802.05,16245.72,15476.03,3625679155.45,16106.32
2018-05-07,16376.06,16658.81,15848.18,1145140985.78,16592.09
2018-05-08,16200.31,16527.35,15898.42,1378813520.65,16518.01
2018-05-09,17237.27,17324.34,16945.85,2459484685.67,17035.48
2018-05-10,17327.55,17725.44,16588.81,2207939302.7,16948.53
2018-05-11,17453.67,17787.2,16882.7,2009530136.84,17003.69
2018-05-12,16692.41,17561.48,16060.51,754495946.52,17130.18
2018-05-13,17291.42,17373.35,16635.51,3035525079.7,16793.74
2018-05-14,16946.86,17099.84,16338.21,2258067179.79,16656.3
2018-05-15,16350.23,16549.95,15642.46,3052058252.1,15883.23
2018-05-16,16393.42,17014.79,15648.52,1063015724.57,16160.62
2018-05-17,15720.8,16082.76,15093.65,2258013486.04,16034.61
2018-05-18,15925.56,16111.1,15349.6,3537709591.1,15836.42
2018-05-19,15886.25,16473.35,15576.3,3129039455.75,15709.62
2018-05-20,15444.18,16020.97,14944.52,2727366269.77,15296.25
2018-05-21,15084.73,15127.82,14301.18,1544982944.95,14794.78
2018-05-22,14358.97,14685.9,13745.06,630524754.29,14147.64
2018-05-23,14311.74,14598.24,13659.16,411404840.98,13941.45
2018-05-24,13069.37,13672.71,12715.1,1259335833.04,13440.44
2018-05-25,14447.33,14779.73,14133.98,4997866360.22,14161.86
2018-05-26,14804.67,14964.27,14090.66,3783781463.76,14653.2
2018-05-27,14483.16,14588.3,13896.03,3177575750.08,14130.4
2018-05-28,14217.87,14276.85,13847.05,1673208884.39,14224.93
2018-05-29,13745.3,14272.43,13353.95,4726515762.42,13887.11
2018-05-30,13535.97,13833.82,12996.28,1579440614.28,13286.01
2018-05-31,12820.72,13160.28,12814.62,3291725328.55,12894.86
2018-06-01,13695.26,13921.64,13216.44,1815279002.17,13660.35
2018-06-02,13893.12,14006.24,13433.06,4639087076.61,13679.72
2018-06-03,13151.84,13569.55,12689.64,4866002610.95,13200.85
2018-06-04,12744.98,13298.38,12516.72,475113914.39,13011.68
2018-06-05,13239.46,13722.93,12582.62,596156083.96,12859.64
2018-06-06,13215.56,13484.56,12666.86,4175272488.43,13046.01
2018-06-07,13079.12,13206.63,12484.62,1924094206.1,12712.8
2018-06-08,13343.69,13804.86,12669.04,3952130848.2,13046.75
2018-06-09,12797.9,13344.25,12545.9,4104541871.2,12863.54
2018-06-10,12874.87,13389.3,12546.59,751491137.73,12808.06
2018-06-11,13102.26,13283.13,12837.71,2721716014.16,13072.0
2018-06-12,12556.25,13152.26,12341.18,1175476605.83,12795.28
2018-06-13,13086.16,13109.01,12741.87,3529087126.31,12873.33
2018-06-14,13120.58,13551.33,12983.01,2481689961.59,12992.98
2018-06-15,12343.03,12950.78,12140.69,4349804563.68,12695.7
2018-06-16,12956.4,13193.21,12792.64,2055793312.53,12936.26
2018-06-17,12806.47,12885.55,12419.38,4846326116.57,12688.64
2018-06-18,12543.01,12970.36,12357.83,4298117499.0,12431.25
2018-06-19,12744.23,12999.24,12600.84,3799415028.58,12836.65
2018-06-20,12563.03,13222.6,12523.29,4987155355.55,12896.99
2018-06-21,13024.36,13250.45,12371.5,3172401665.62,12834.34
2018-06-22,13228.49,13706.52,12577.28,3982755891.16,13076.28
2018-06-23,12663.19,13014.41,12230.4,2660519927.56,12822.16
2018-06-24,12058.14,12340.59,11995.85,3102354739.0,12301.73
2018-06-25,11894.31,12523.35,11486.63,2311138067.64,12082.2
2018-06-26,11720.92,12465.08,11674.6,3391278319.64,12076.4
2018-06-27,12055.57,12525.63,11739.99,2941982808.58,12308.15
2018-06-28,11918.94,12509.52,11537.16,1929619312.35,12100.38
2018-06-29,11844.84,11969.29,11642.02,2878311531.59,11856.79
2018-06-30,12451.6,12779.44,11753.2,2833985794.61,12104.49
2018-07-01,12227.68,12591.9,11632.88,3035968400.45,12092.87
2018-07-02,11291.55,11803.78,11114.07,1768081569.62,11438.28
2018-07-03,11544.88,11831.6,11303.42,3607432599.59,11451.01
2018-07-04,11241.65,11647.88,10997.99,1551575090.92,11155.81
2018-07-05,10669.72,10955.98,10555.49,459765544.97,10707.74
2018-07-06,10377.56,10639.49,10186.37,4857733010.24,10583.54
2018-07-07,11025.37,11428.23,10930.37,1292280721.97,11004.99
2018-07-08,11352.67,11691.69,10852.81,584696840.17,11147.68
2018-07-09,11164.34,11227.2,10848.09,4302101578.53,10862.64
2018-07-10,11041.28,11396.63,10467.7,3955503023.26,10740.17
2018-07-11,9707.6,10213.84,9495.89,3367413625.55,9999.23
2018-07-12,10034.32,10411.73,9492.8,1176771292.04,9843.89
2018-07-13,9283.44,9893.75,9120.58,4577126984.63,9555.77
2018-07-14,9757.2,10112.12,9304.06,2047396320.42,9571.22
2018-07-15,9447.59,10021.79,9184.71,2468196848.7,9656.3
2018-07-16,9849.4,10252.24,9719.58,3718269206.4,10069.52
2018-07-17,10648.63,10827.16,10264.2,781069283.03,10371.12
2018-07-18,10262.68,10436.89,10242.78,173254271.41,10269.25
2018-07-19,10248.76,10512.19,10228.49,4278696464.6,10329.0
2018-07-20,10676.18,11093.76,10374.62,1996716817.29,10647.77
2018-07-21,10681.91,10937.67,10616.98,2279039669.17,10884.49
2018-07-22,10743.6,10752.78,10590.25,1225408796.85,10681.34
2018-07-23,10122.38,10588.63,9745.26,3828135305.68,10354.79
2018-07-24,10633.56,10773.31,10048.1,4503649867.8,10402.81
2018-07-25,10262.16,10940.89,9911.06,658660735.9,10577.69
2018-07-26,10679.23,10690.24,10160.22,3952023474.53,10577.02
2018-07-27,10571.88,10879.87,10222.69,271471099.13,10740.77
2018-07-28,10881.77,11089.07,10628.48,2571057408.47,10723.7
2018-07-29,10152.65,10606.05,10130.48,226391534.13,10396.52
2018-07-30,10518.24,10710.95,10489.6,313518783.4,10504.72
2018-07-31,9976.08,10149.14,9850.82,2456441582.18,9988.68
2018-08-01,9817.65,10316.0,9450.74,1382329837.79,10070.96
2018-08-02,10098.08,10319.58,9747.68,4973192501.75,10018.09
2018-08-03,9809.4,9848.32,9631.46,4265435759.1,9747.74
2018-08-04,9784.41,10085.36,9588.33,1082965100.97,9696.61
2018-08-05,9437.93,9702.9,9217.45,484478337.99,9530.02
2018-08-06,9539.36,9836.37,9300.61,771668234.6,9581.46
2018-08-07,9852.81,9889.55,9311.4,3696592032.46,9660.51
2018-08-08,9798.55,10016.61,9459.51,2812316205.82,9618.62
2018-08-09,9475.73,9814.12,9381.08,4341779822.86,9559.7
2018-08-10,9794.99,10174.41,9512.27,1764714466.61,9666.78
2018-08-11,9608.78,9694.97,9179.69,4228413358.82,9519.26
2018-08-12,9366.83,9729.87,9207.25,4038034642.05,9441.85
2018-08-13,9989.14,10234.3,9661.78,141006618.95,9801.87
2018-08-14,9491.3,9806.2,8981.94,910276199.08,9253.07
2018-08-15,9106.46,9197.08,9059.06,2835942262.86,9194.83
2018-08-16,8952.25,9056.97,8820.89,162978920.92,9005.86
2018-08-17,8958.73,9124.78,8732.99,3610763879.04,9002.03
2018-08-18,8992.36,9196.52,8521.68,272518043.86,8845.43
2018-08-19,9108.07,9207.2,8892.09,2433451907.41,9013.98
2018-08-20,9242.87,9376.47,9152.27,577949365.47,9275.12
2018-08-21,9201.43,9380.54,8982.72,236632639.4,9103.94
2018-08-22,9125.41,9403.26,8763.2,1514082616.47,9183.12
2018-08-23,9078.05,9334.12,8717.74,3737600475.91,9213.2
2018-08-24,9153.02,9476.62,9044.53,2506309109.32,9334.65
2018-08-25,9300.98,9875.14,8944.68,103520267.56,9546.08
2018-08-26,9403.46,9727.73,9016.06,2871264407.62,9171.7
2018-08-27,8901.28,9119.27,8660.87,4008597550.01,9111.67
2018-08-28,8945.36,9243.07,8853.9,449768107.68,8882.4
2018-08-29,9023.02,9212.13,8758.24,1558270063.56,8975.16
2018-08-30,8751.19,8954.0,8460.0,2557311589.87,8836.28
2018-08-31,9255.31,9384.65,8936.73,4096553521.61,9035.25
2018-09-01,9386.56,9475.27,8897.89,994386296.09,9212.42
2018-09-02,8984.07,9047.73,8820.15,2475643954.84,8901.02
2018-09-03,8807.86,9075.58,8484.18,4621529749.34,8675.42
2018-09-04,8455.02,8747.3,8267.17,763277432.95,8392.31
2018-09-05,8060.5,8421.21,7835.71,1380621600.76,8274.84
2018-09-06,8409.06,8659.58,8091.84,4160166192.0,8505.82
2018-09-07,8375.05,8890.35,8326.57,3078891858.19,8593.28
2018-09-08,8381.28,8646.74,8319.26,2254171181.22,8354.06
2018-09-09,8498.82,8720.42,8117.28,2383388849.44,8343.72
2018-09-10,8187.68,8688.86,7972.66,3574434590.35,8387.22
2018-09-11,8450.39,8508.72,8193.88,2194413788.8,8448.08
2018-09-12,8041.49,8332.02,7810.82,2049759292.26,8209.58
2018-09-13,8221.8,8500.87,8152.49,3240053731.28,8302.32
2018-09-14,8476.75,8573.1,8294.3,3286254791.19,8386.99
2018-09-15,8629.98,8931.43,8199.94,2917870177.79,8424.58
2018-09-16,8787.66,9033.18,8339.9,2979255728.48,8547.8
2018-09-17,8930.39,9040.98,8484.75,3960393169.74,8701.71
2018-09-18,9001.2,9267.2,8715.91,2636702765.27,8826.98
2018-09-19,8598.57,8744.2,8306.3,1819362368.22,8523.89
2018-09-20,8817.31,8988.81,8321.01,696451112.35,8586.67
2018-09-21,8500.37,9016.23,8194.74,3856664854.61,8721.63
2018-09-22,8703.87,9072.75,8622.51,663934716.73,8952.16
2018-09-23,8489.48,8608.25,8432.21,3857778090.52,8552.75
2018-09-24,8567.22,8740.71,8456.32,1195275705.22,8599.38
2018-09-25,8450.45,8575.48,8365.45,2250150535.54,8478.84
2018-09-26,8454.28,8612.89,8245.83,1845526381.54,8300.57
2018-09-27,8484.37,8818.47,8084.78,1416040946.19,8262.7
2018-09-28,8302.24,8573.52,8012.1,700608687.67,8076.3
2018-09-29,8119.75,8454.82,8078.87,2777158319.67,8243.4
2018-09-30,8742.39,8842.08,8480.86,1371228584.96,8561.99
2018-10-01,9024.99,9078.19,8612.48,4732602182.43,8810.73
2018-10-02,8773.0,8862.35,8440.77,2515015502.32,8852.9
2018-10-03,8947.46,9453.27,8723.74,150655852.19,9091.59
2018-10-04,9571.07,9874.04,9158.5,1441528192.59,9485.72
2018-10-05,9478.72,9742.64,8974.63,3530625514.69,9294.82
2018-10-06,9038.12,9367.13,8978.45,2748533184.76,9272.21
2018-10-07,9406.28,9604.85,8949.84,1447626874.42,9279.76
2018-10-08,9212.3,9550.79,9012.25,563180897.5,9256.83
2018-10-09,9552.21,9780.22,8958.63,2581724893.74,9325.52
2018-10-10,9292.47,9561.59,9010.19,2088672300.09,9332.09
2018-10-11,9555.13,9587.85,9452.22,347719821.32,9461.82
2018-10-12,9453.21,9662.75,8960.19,2355974040.01,9184.12
2018-10-13,9213.98,9575.56,8866.73,91048733.23,9139.59
2018-10-14,9318.39,9552.56,9105.95,3678583054.21,9189.94
2018-10-15,8894.54,9000.76,8733.02,4069409239.12,8984.83
2018-10-16,9142.42,9416.71,9007.74,4059373432.42,9161.86
2018-10-17,9267.18,9812.12,9066.15,1474278430.16,9516.65
2018-10-18,9403.61,10030.38,9221.32,4945722284.46,9669.38
2018-10-19,9738.28,9836.95,9617.35,963606119.36,9713.2
2018-10-20,9657.15,9785.37,9118.81,1846415679.83,9449.75
2018-10-21,10000.21,10297.54,9730.66,1939357393.62,9771.85
2018-10-22,10052.53,10425.74,9859.23,4007728956.13,10054.02
2018-10-23,10141.98,10173.99,9846.54,4113482984.9,10005.65
2018-10-24,9547.6,10053.31,9282.75,3017081922.38,9794.38
2018-10-25,9690.48,10002.19,9439.13,221352262.62,9733.63
2018-10-26,10184.57,10296.42,9881.09,4740042849.23,9888.99
2018-10-27,9473.13,9968.88,9231.87,4007468918.06,9720.99
2018-10-28,9260.45,9693.27,9179.45,183646839.33,9463.28
2018-10-29,8703.22,9213.48,8482.62,1920443464.43,8935.23
2018-10-30,8750.52,9082.62,8440.03,3817791514.27,8657.5
2018-10-31,8574.38,8755.98,8330.97,3251308076.16,8536.52
2018-11-01,8657.49,8830.31,8327.45,2812746826.69,8536.78
2018-11-02,8518.0,8731.48,8329.33,4981861909.65,8641.51
2018-11-03,8530.29,8576.66,8480.07,2265692999.37,8534.8
2018-11-04,9213.67,9377.71,8670.08,3412827008.65,8998.42
2018-11-05,9026.52,9133.58,8861.22,4457745094.95,9109.92
2018-11-06,9133.56,9393.61,8918.98,3192123112.59,8944.98
2018-11-07,8812.42,9089.76,8508.87,3953961573.43,9017.27
2018-11-08,8509.61,8952.65,8294.8,4020272014.18,8758.55
2018-11-09,8262.63,8577.82,8262.5,3597159602.85,8472.99
2018-11-10,8392.98,8651.21,8320.85,378016057.43,8380.06
2018-11-11,8649.93,8912.0,8423.14,4391021156.74,8675.98
2018-11-12,8767.26,8991.63,8340.13,4831660423.53,8622.27
2018-11-13,7971.8,8230.96,7701.72,831638828.65,8190.28
2018-11-14,8286.08,8612.82,8069.32,4705111234.11,8375.19
2018-11-15,8564.95,8915.93,8411.07,634599772.68,8695.06
2018-11-16,8337.4,8617.26,8171.51,851493149.72,8437.22
2018-11-17,8632.61,8881.45,8416.11,4214224720.53,8551.17
2018-11-18,8539.26,8821.13,8176.17,236854398.42,8506.79
2018-11-19,8406.53,8664.43,8136.57,3198566049.12,8330.99
2018-11-20,8118.0,8322.64,7887.35,4783684348.07,8118.96
2018-11-21,7840.3,7933.58,7466.69,308966034.34,7754.23
2018-11-22,7763.47,7942.63,7516.29,3037234711.47,7791.7
2018-11-23,7780.7,8048.6,7665.33,662523096.25,7672.88
2018-11-24,7893.16,8133.66,7678.18,2337698109.53,7954.95
2018-11-25,7746.46,8030.66,7555.63,3080733446.38,7938.5
2018-11-26,7965.26,8367.34,7697.53,1643904745.8,8087.41
2018-11-27,8058.0,8218.6,7778.78,2498810944.9,7932.76
2018-11-28,7762.01,7859.5,7745.01,2532167870.49,7852.22
2018-11-29,7915.39,8002.02,7755.47,4412873987.08,7985.88
2018-11-30,8030.65,8181.81,7809.54,4237390103.31,7957.0
2018-12-01,7687.05,7921.92,7391.19,2008902288.86,7583.53
2018-12-02,7781.17,7841.76,7610.02,376923431.22,7748.5
2018-12-03,7321.17,7712.76,7227.58,602866988.42,7419.23
2018-12-04,7622.04,7742.14,7350.0,1702035646.76,7410.8
2018-12-05,7559.92,7855.72,7408.74,236063728.81,7698.94
2018-12-06,7413.09,7679.08,7257.04,2290372910.82,7578.12
2018-12-07,7322.65,7580.47,7077.34,4953172530.43,7399.02
2018-12-08,7365.41,7453.57,7068.4,4143164035.93,7261.15
2018-12-09,6898.02,7209.71,6723.73,3372293898.44,6981.89
2018-12-10,7126.0,7292.38,6870.25,3629367820.63,6926.56
2018-12-11,6900.75,7178.63,6840.82,3883048505.61,6911.29
2018-12-12,6906.15,7105.44,6759.62,860855188.12,6874.13
2018-12-13,6846.82,6887.29,6623.79,167536861.58,6709.48
2018-12-14,6716.31,6745.83,6283.76,1575325492.39,6540.42
2018-12-15,6649.84,6893.04,6628.7,4365360367.47,6685.79
2018-12-16,6991.79,7009.2,6656.54,1044635107.81,6894.23
2018-12-17,6789.24,6874.44,6554.68,4561499563.01,6778.87
2018-12-18,6935.08,7100.53,6871.83,3607413561.02,7001.32
2018-12-19,6879.26,6932.17,6628.15,2794852387.53,6834.13
2018-12-20,6518.87,6886.24,6335.72,1452130645.64,6628.29
2018-12-21,6623.44,6790.4,6605.88,3979072726.45,6696.96
2018-12-22,6854.74,6983.07,6766.07,1904673985.02,6949.19
2018-12-23,7465.83,7706.11,7061.33,1445275404.65,7267.59
2018-12-24,7318.71,7420.11,7064.7,1289655437.61,7225.87
2018-12-25,7121.98,7387.78,7019.18,694992044.46,7105.54
2018-12-26,7170.61,7338.92,6905.4,3352471484.82,7121.18
2018-12-27,6687.7,6985.83,6612.09,511719074.84,6872.22
2018-12-28,6935.63,6937.07,6702.01,4646207404.05,6824.76
2018-12-29,6639.52,6766.32,6284.23,4819931054.07,6492.12
2018-12-30,6629.75,6874.81,6605.34,456408995.35,6701.66
2018-12-31,6603.61,6851.03,6493.76,883573229.65,6516.38
2019-01-01,6573.19,6619.41,6405.16,4985887297.41,6425.81
2019-01-02,6440.33,6688.19,6257.35,4384948407.91,6275.92
2019-01-03,6198.52,6531.66,5977.18,4915139502.97,6386.57
2019-01-04,6299.47,6423.93,6267.71,4256788095.5,6283.15
2019-01-05,6731.34,6796.3,6492.42,820846370.07,6744.28
2019-01-06,6493.94,6813.57,6439.59,2843228299.88,6618.55
2019-01-07,6753.81,6801.22,6612.86,4486243381.3,6651.13
2019-01-08,6576.98,6924.75,6362.51,711653259.42,6744.2
2019-01-09,6495.09,6629.71,6303.04,1185251051.48,6564.57
2019-01-10,6496.06,6764.28,6239.19,3271880001.68,6574.19
2019-01-11,6237.71,6253.21,5948.9,1540963646.6,6166.39
2019-01-12,6158.06,6331.37,5849.66,595904571.77,6015.45
2019-01-13,6267.63,6341.6,6020.7,1103451718.67,6114.96
2019-01-14,6265.62,6417.43,6029.59,2750680199.0,6173.85
2019-01-15,6229.16,6374.25,6145.46,1099873997.06,6240.08
2019-01-16,6384.04,6404.95,6106.06,3521792964.53,6244.25
2019-01-17,6341.25,6652.75,6103.26,2742769751.07,6505.94
2019-01-18,6161.73,6376.57,6043.51,590037710.7,6293.96
2019-01-19,6175.76,6433.54,5951.2,2556773016.62,6286.89
2019-01-20,6354.21,6470.31,6109.86,2317267745.64,6349.16
2019-01-21,6300.34,6482.62,6036.94,4084101597.41,6186.42
2019-01-22,6012.43,6266.25,5787.27,4970677065.78,6181.06
2019-01-23,6133.94,6150.88,5962.23,168357006.41,5978.06
2019-01-24,5854.95,6084.08,5681.4,2107606075.02,5763.03
2019-01-25,6071.04,6163.92,5865.91,4534768884.51,5896.67
2019-01-26,5793.78,5918.76,5658.56,1745371736.82,5738.08
2019-01-27,5777.51,6017.76,5668.62,3642012123.12,5891.16
2019-01-28,5724.49,5963.59,5649.73,2726782241.73,5893.25
2019-01-29,5916.68,6111.54,5727.61,1737337077.59,5905.36
2019-01-30,5928.57,5955.33,5805.01,2102010586.47,5849.59
2019-01-31,6288.21,6510.5,5945.71,1038347293.03,6189.41
2019-02-01,6258.5,6434.56,5985.23,3705299981.61,6221.99
2019-02-02,6209.44,6304.62,6015.03,4320013910.92,6246.07
2019-02-03,6338.29,6628.93,6270.22,1601329444.88,6419.46
2019-02-04,6523.54,6699.04,6309.21,1515804531.37,6485.44
2019-02-05,6522.47,6713.24,6277.48,4743116072.58,6633.5
2019-02-06,6979.87,7234.38,6722.3,2141730905.65,6824.39
2019-02-07,6536.38,6711.9,6313.11,1600484942.01,6367.67
2019-02-08,6347.37,6417.47,6189.05,3774536325.22,6379.39
2019-02-09,6000.77,6245.28,5954.15,4574558457.34,6073.38
2019-02-10,6145.22,6383.11,6013.89,679122827.78,6122.31
2019-02-11,6180.87,6408.87,6089.47,471395342.67,6126.94
2019-02-12,6314.06,6362.17,6047.81,3371622883.97,6230.11
2019-02-13,5865.45,6159.4,5800.77,2798663876.6,5977.28
2019-02-14,5786.99,5995.67,5632.58,4785528605.03,5794.15
2019-02-15,6303.39,6332.97,6133.24,2399815172.95,6133.34
2019-02-16,6072.78,6317.16,5879.55,4576481033.37,6168.04
2019-02-17,5873.28,6041.92,5722.75,1315192520.65,5915.64
2019-02-18,5837.96,5954.08,5623.14,4906779099.66,5833.47
2019-02-19,5697.72,5782.21,5429.18,2816998390.05,5559.52
2019-02-20,5516.37,5642.93,5353.25,4674443668.98,5610.19
2019-02-21,5367.69,5554.35,5234.54,4168479949.28,5482.02
2019-02-22,5413.81,5555.8,5345.57,1294060520.6,5414.04
2019-02-23,5614.76,5724.94,5382.2,3976927816.62,5567.43
2019-02-24,5136.75,5391.75,5031.62,4585327954.57,5240.75
2019-02-25,4925.59,5066.39,4895.39,4726488674.89,5059.55
2019-02-26,5062.71,5217.49,4894.31,4214298136.96,5012.12
2019-02-27,4886.69,5136.83,4764.17,3092997827.03,5034.98
2019-02-28,5283.25,5413.54,5122.78,2444393376.18,5230.91
2019-03-01,5238.36,5510.69,5086.39,4887621947.68,5396.41
2019-03-02,5246.96,5579.26,5178.55,4032776817.75,5403.51
2019-03-03,5325.53,5490.23,5153.4,2637015367.15,5457.73
2019-03-04,5525.43,5584.51,5292.04,1871527401.48,5422.86
2019-03-05,5432.79,5481.87,5210.86,4240856839.14,5277.56
2019-03-06,5421.89,5608.01,5320.67,476567522.08,5372.33
2019-03-07,5108.89,5250.66,4939.56,2504293381.63,5248.68
2019-03-08,5341.91,5531.45,5249.15,4291221963.68,5363.18
2019-03-09,5347.96,5545.39,5319.75,4438895992.1,5498.89
2019-03-10,5585.69,5604.33,5378.87,4628668202.3,5593.91
2019-03-11,5578.29,5952.35,5425.33,4807731257.48,5739.13
2019-03-12,5659.3,5829.59,5565.2,1997497141.77,5629.9
2019-03-13,5615.28,5894.54,5478.08,4483663577.34,5704.1
2019-03-14,5685.58,5917.16,5489.99,4942505009.99,5743.57
2019-03-15,5878.89,5891.52,5587.5,4194986541.49,5716.21
2019-03-16,5496.89,5720.7,5486.97,1989548216.05,5549.98
2019-03-17,5479.44,5775.55,5367.8,1785497876.55,5554.99
2019-03-18,5667.45,5765.35,5450.57,3306752818.5,5521.31
2019-03-19,5787.53,5952.62,5477.07,779562609.69,5685.85
2019-03-20,5860.56,6009.16,5726.79,1590224361.12,5787.06
2019-03-21,5731.93,5882.12,5564.5,671209952.43,5798.64
2019-03-22,5698.88,5912.09,5597.38,2046140433.66,5807.82
2019-03-23,5796.61,6083.82,5639.97,1932337207.81,5941.69
2019-03-24,5890.0,6057.01,5674.36,4506668863.83,5964.49
2019-03-25,6333.11,6376.07,6149.68,702811894.21,6305.89
2019-03-26,5988.96,6180.84,5764.56,2179034583.62,6061.28
2019-03-27,5757.93,5967.38,5584.41,3128918101.97,5907.9
2019-03-28,6022.45,6069.56,5774.82,1530243398.8,5988.75
2019-03-29,6160.5,6358.65,5952.36,1680333756.5,6116.4
2019-03-30,6187.92,6400.66,6066.71,689261113.18,6072.97
2019-03-31,5808.59,5989.08,5800.36,4843938856.52,5914.75
2019-04-01,6160.63,6412.12,6035.2,2883637615.31,6238.7
2019-04-02,6364.51,6464.55,6024.52,2823614038.06,6245.91
2019-04-03,6432.8,6573.2,6315.95,2754994793.42,6397.4
2019-04-04,6649.78,6766.41,6381.5,3467248043.83,6567.68
2019-04-05,6639.18,6850.48,6360.54,2501523044.29,6514.5
2019-04-06,6494.62,6680.43,6379.1,379086026.56,6433.38
2019-04-07,6531.19,6656.39,6192.34,2537997088.72,6344.4
2019-04-08,6575.08,6783.05,6389.9,4478552561.65,6557.91
2019-04-09,6451.54,6616.23,6201.68,3847080699.12,6437.29
2019-04-10,6410.67,6422.03,6350.46,3390584760.36,6354.62
2019-04-11,6192.7,6417.8,6184.2,2157973164.01,6230.22
2019-04-12,6354.55,6486.42,6243.93,2880424637.37,6350.48
2019-04-13,6337.93,6458.1,6280.22,2947063883.14,6358.62
2019-04-14,6035.18,6238.37,5894.19,4809022049.74,6212.39
2019-04-15,6068.88,6445.71,5860.52,1566332816.05,6211.98
2019-04-16,6104.12,6226.76,5966.94,3486848694.96,6110.38
2019-04-17,6072.48,6212.92,6026.38,584275480.83,6139.19
2019-04-18,6335.25,6376.9,6264.58,1227125603.29,6268.62
2019-04-19,5965.88,6123.71,5860.84,4792728482.45,6084.73
2019-04-20,5986.83,6258.7,5850.84,155669448.97,6102.37
2019-04-21,6299.67,6349.39,6154.77,1950290543.97,6256.83
2019-04-22,6321.31,6525.8,5993.54,517742723.15,6227.04
2019-04-23,6262.32,6309.15,5960.45,2293176606.81,6125.6
2019-04-24,6112.09,6268.34,6003.57,3060429021.48,6101.94
2019-04-25,6438.42,6528.03,6365.41,3090639769.89,6404.99
2019-04-26,6423.64,6662.5,6188.47,678399370.56,6502.67
2019-04-27,6124.7,6345.0,5924.56,3470248343.17,6268.43
2019-04-28,5973.02,6199.4,5778.48,3181153193.87,6105.69
2019-04-29,6165.63,6324.77,6094.87,2779013753.4,6094.89
2019-04-30,5944.41,6119.73,5719.38,1801605469.14,6011.29
2019-05-01,5839.62,6049.52,5796.46,4819507156.18,6016.66
2019-05-02,5905.67,6003.86,5803.54,2448610564.58,5840.94
2019-05-03,5689.0,5842.32,5634.63,1467528648.7,5835.11
2019-05-04,5691.33,5913.16,5632.72,3831938579.17,5806.94
2019-05-05,6002.91,6030.09,5772.99,3877814009.04,5985.05
2019-05-06,6165.7,6175.97,5980.63,2736302840.86,6048.62
2019-05-07,6093.04,6118.0,5878.87,3759214018.77,5919.1
2019-05-08,5734.98,5832.54,5692.94,2200958817.88,5752.33
2019-05-09,6462.72,6663.23,6085.12,4055406557.03,6276.7
2019-05-10,6230.37,6388.07,5947.32,704782479.97,6152.57
2019-05-11,5970.58,6127.88,5745.94,1760569239.97,6077.57
2019-05-12,5976.97,6211.01,5807.06,1344041900.73,6040.88
2019-05-13,6358.92,6609.58,6145.34,485173567.43,6225.19
2019-05-14,6654.0,6918.16,6456.39,643171961.38,6490.91
2019-05-15,6566.02,6631.59,6350.73,4144124195.47,6424.9
2019-05-16,6438.2,6591.07,6249.87,2076983195.93,6442.27
2019-05-17,6183.16,6358.19,6153.51,474542972.37,6201.02
2019-05-18,6235.52,6327.57,6064.35,1643173508.0,6076.44
2019-05-19,5883.39,6252.21,5820.49,3657350368.06,6064.42
2019-05-20,5798.3,5862.87,5690.32,1096971375.73,5848.05
2019-05-21,5878.87,5953.83,5706.87,4143434649.07,5903.8
2019-05-22,5825.27,5938.35,5649.93,3415934111.21,5802.24
2019-05-23,5802.92,5988.29,5752.76,2303312995.74,5964.53
2019-05-24,6151.97,6173.89,6141.65,1019567849.92,6173.72
2019-05-25,6460.47,6494.56,6298.75,803297539.9,6388.19
2019-05-26,6565.08,6630.83,6341.31,4519963341.49,6504.75
2019-05-27,6321.89,6553.64,6146.27,3500212443.91,6451.36
2019-05-28,6553.91,6554.2,6339.28,672171962.28,6474.78
2019-05-29,6599.68,6892.42,6338.15,3481029565.37,6709.92
2019-05-30,6882.18,6950.96,6626.39,1921518929.12,6914.41
2019-05-31,6533.87,6560.63,6267.63,4406135084.95,6444.63
2019-06-01,6726.08,6761.9,6623.57,722836803.51,6625.44
2019-06-02,6854.58,6856.91,6746.27,2206096109.69,6842.06
2019-06-03,6658.34,6912.59,6574.86,4301212997.76,6800.59
2019-06-04,6402.25,6591.43,6338.85,2951973849.63,6565.05
2019-06-05,6180.74,6285.26,6001.98,430401092.83,6250.3
2019-06-06,6538.63,6695.55,6415.44,3897058566.04,6517.74
2019-06-07,6463.06,6541.05,6278.71,2552517604.91,6402.21
2019-06-08,6203.97,6277.31,5881.89,4490583676.18,6113.07
2019-06-09,6138.46,6410.07,6038.76,2646149639.67,6284.48
2019-06-10,6411.54,6664.64,6216.42,668594574.86,6232.89
2019-06-11,6311.06,6536.25,6251.17,4772720389.87,6362.44
2019-06-12,6304.89,6309.1,5972.83,1318304533.04,6204.24
2019-06-13,6365.93,6494.93,6164.35,2510234337.88,6257.32
2019-06-14,6239.18,6447.04,6010.19,2687458432.19,6271.0
2019-06-15,6106.29,6303.07,5911.67,4042219804.04,6176.74
2019-06-16,6107.11,6202.56,6004.66,4174287081.23,6093.8
2019-06-17,6142.51,6321.86,6032.87,298950660.68,6070.15
2019-06-18,5869.76,6123.81,5741.42,3048073698.09,6019.2
2019-06-19,6014.7,6043.43,5859.81,3510483060.01,5929.09
2019-06-20,6032.07,6390.92,5916.98,3917105636.7,6156.24
2019-06-21,6001.83,6331.07,5826.28,4433209651.11,6139.25
2019-06-22,6146.54,6153.76,6001.38,1367183169.16,6048.04
2019-06-23,6296.58,6315.99,6131.17,1807018238.65,6267.76
2019-06-24,6364.23,6508.7,6203.26,1283029244.38,6364.38
2019-06-25,6617.55,6678.01,6401.96,229749157.24,6530.26
2019-06-26,6803.73,6870.29,6518.04,1921067577.09,6658.74
2019-06-27,7032.61,7188.13,6861.23,3705922482.25,6884.93
2019-06-28,7172.34,7299.98,7004.86,3604236727.93,7207.2
2019-06-29,7142.61,7342.08,7114.6,904928307.86,7197.54
2019-06-30,7402.1,7692.68,7256.01,353942924.49,7269.36
2019-07-01,7272.3,7367.51,6997.51,49766176.05,7124.88
2019-07-02,7027.92,7317.84,6832.23,3117360444.22,7156.45
2019-07-03,6920.35,7137.06,6697.63,4503212053.16,6923.11
2019-07-04,7084.18,7153.64,6697.94,2056080186.73,6975.16
2019-07-05,7134.78,7385.12,6978.6,17295582.27,6992.31
2019-07-06,7220.12,7465.32,7074.57,528705606.56,7152.61
2019-07-07,7019.67,7039.85,7018.81,3561145848.75,7023.03
2019-07-08,6828.01,7256.82,6799.95,2603598500.28,6998.91
2019-07-09,7145.38,7169.65,6696.22,676234112.75,6947.56
2019-07-10,6918.13,6938.84,6670.48,2180564563.39,6787.82
2019-07-11,6810.34,6996.49,6756.08,3506620775.54,6909.42
2019-07-12,6978.29,7067.07,6680.73,382690304.65,6881.12
2019-07-13,7004.17,7047.71,6735.82,2335615011.06,6968.75
2019-07-14,7217.9,7414.21,7207.69,1046104765.8,7258.61
2019-07-15,7043.23,7253.04,6954.78,4133669572.82,7207.6
2019-07-16,7426.32,7438.3,7291.45,1645690357.84,7339.62
2019-07-17,7391.54,7609.21,7296.1,1308232295.68,7456.08
2019-07-18,7754.19,7763.83,7352.98,2266483835.31,7532.43
2019-07-19,7513.56,7772.86,7255.03,69665046.62,7530.71
2019-07-20,7534.41,7830.53,7131.07,4120130341.79,7387.96
2019-07-21,7269.5,7438.83,6993.28,4065607987.15,7206.94
2019-07-22,7177.73,7408.82,7149.74,2222722305.94,7389.76
2019-07-23,7817.91,7921.59,7372.85,2310364660.79,7666.41
2019-07-24,7808.72,8150.34,7753.03,1981043454.23,7967.44
2019-07-25,8102.05,8335.27,7838.62,1406474225.86,8264.29
2019-07-26,8513.44,8525.24,8195.22,1236466048.43,8321.99
2019-07-27,8287.17,8307.38,8024.02,694807725.49,8262.04
2019-07-28,8313.74,8766.0,8156.05,3157464400.24,8466.41
2019-07-29,8839.86,9116.35,8367.54,2727143852.11,8587.69
2019-07-30,8218.35,8526.22,8054.77,1948022560.1,8225.91
2019-07-31,8162.86,8600.33,8090.55,302370239.09,8302.84
2019-08-01,8717.06,8901.66,8388.37,4998032676.59,8467.34
2019-08-02,8643.88,8736.04,8500.36,4587124818.03,8563.29
2019-08-03,8319.53,8887.94,8059.77,4234060401.42,8547.28
2019-08-04,8781.13,9078.01,8322.35,2966672350.82,8605.97
2019-08-05,8567.99,8807.08,8384.47,150750782.94,8413.42
2019-08-06,8288.82,8475.52,7989.18,4940150989.92,8257.3
2019-08-07,7958.18,8114.87,7565.01,2457277736.44,7780.04
2019-08-08,7766.14,8065.76,7455.71,4590301967.74,7899.42
2019-08-09,7833.74,8018.25,7745.04,4594716128.66,7976.62
2019-08-10,7843.44,8264.55,7817.47,3874088829.11,8075.08
2019-08-11,8091.78,8370.35,7914.48,1874217992.62,7926.98
2019-08-12,7918.56,8210.68,7645.03,795944391.22,8112.76
2019-08-13,8256.58,8518.1,8027.48,3249409525.57,8040.13
2019-08-14,8378.92,8690.23,8212.16,1123953697.76,8282.73
2019-08-15,8814.0,8875.82,8524.12,3445607213.6,8767.21
2019-08-16,9256.59,9607.86,8794.51,4971472821.43,9013.87
2019-08-17,9533.95,9546.3,9127.56,4605980699.93,9275.07
2019-08-18,9472.62,9827.53,9111.17,3729263207.23,9435.51
2019-08-19,9253.95,9771.19,8945.93,4427748064.44,9401.74
2019-08-20,9796.21,10143.64,9500.08,1333410078.41,9715.13
2019-08-21,9767.99,9943.91,9477.55,549092660.06,9917.02
2019-08-22,10303.66,10703.07,10114.93,2470479147.43,10161.85
2019-08-23,10089.91,10385.86,9727.25,2402651359.48,10163.87
2019-08-24,10522.89,10591.35,10020.47,4230354795.28,10406.03
2019-08-25,9996.86,10250.44,9977.53,380260004.82,10121.41
2019-08-26,10382.07,10609.25,10197.82,474592380.05,10239.55
2019-08-27,10516.28,10774.41,10240.92,164656088.22,10457.29
2019-08-28,10852.11,10920.31,10222.91,1035696878.82,10604.13
2019-08-29,10351.6,10841.96,10236.51,3652570288.29,10547.8
2019-08-30,10361.49,10548.17,10184.01,4200873979.18,10527.27
2019-08-31,10517.06,10895.31,10276.27,1479801750.34,10740.29
2019-09-01,10359.29,10560.24,10015.71,1466139215.57,10549.38
2019-09-02,9988.45,10591.24,9712.11,1993362069.06,10245.44
2019-09-03,9627.44,10084.37,9313.54,4428608536.82,9869.56
2019-09-04,9816.87,10070.83,9527.59,2330639201.21,9894.4
2019-09-05,9662.49,10222.09,9533.97,437679486.08,9923.5
2019-09-06,10022.7,10336.65,10010.95,2952734947.09,10117.52
2019-09-07,9844.41,10009.26,9480.39,4335801128.39,9659.87
2019-09-08,9492.51,9842.14,9293.65,403985698.37,9506.87
2019-09-09,9816.29,10169.86,9736.71,3390899079.02,9815.05
2019-09-10,9661.49,9707.97,9499.1,872666074.3,9592.27
2019-09-11,10420.33,10472.93,9995.01,4941516882.32,10230.98
2019-09-12,10124.46,10569.3,9973.49,4172199512.19,10163.86
2019-09-13,10388.07,10415.92,9888.09,1992801421.84,10136.18
2019-09-14,10581.09,10810.77,10351.76,4368596604.33,10692.64
2019-09-15,10792.23,10973.37,10525.2,749516709.05,10777.64
2019-09-16,10466.07,10783.56,10386.01,4625391552.13,10411.14
2019-09-17,10168.04,10520.92,9901.17,2060341286.12,10300.23
2019-09-18,10182.68,10453.82,10023.4,196953695.78,10254.64
2019-09-19,10298.62,10584.37,9838.51,4448975327.43,10231.92
2019-09-20,10267.8,10471.24,10163.37,4604966564.7,10372.67
2019-09-21,10612.83,10741.48,10114.71,2463179874.66,10414.51
2019-09-22,10504.99,10546.26,10328.33,680583749.63,10382.77
2019-09-23,10868.35,10985.48,10411.27,3231318509.02,10659.96
2019-09-24,10414.73,10703.2,10341.39,3707314546.61,10613.45
2019-09-25,10850.27,11073.91,10287.12,1562504235.51,10645.24
2019-09-26,10115.55,10170.43,10051.28,4397869630.89,10111.42
2019-09-27,10479.36,10830.2,9965.69,2287678848.97,10274.13
2019-09-28,10562.99,10860.71,10005.28,4119296395.53,10304.53
2019-09-29,9714.47,9950.92,9470.63,2974277531.33,9938.77
2019-09-30,9735.36,10273.07,9574.48,1755301909.21,9927.4
2019-10-01,10351.92,10637.15,9907.88,1938962697.0,10199.56
2019-10-02,10446.79,10906.52,10432.13,4286984825.32,10662.45
2019-10-03,10276.97,10592.07,9874.14,3903715284.66,10421.36
2019-10-04,10270.29,10273.95,10072.24,3240384055.33,10108.01
2019-10-05,9931.72,10406.16,9655.8,4835451972.41,10081.5
2019-10-06,10148.17,10320.2,9811.04,1750058904.37,10061.99
2019-10-07,10165.39,10500.57,9815.9,520537393.81,10058.45
2019-10-08,10347.54,10621.69,10275.57,1877406518.17,10340.39
2019-10-09,10004.93,10171.18,9630.28,4941921219.45,10127.39
2019-10-10,9933.2,10275.49,9558.99,3558357940.1,9850.11
2019-10-11,9801.64,10318.48,9762.31,4029094814.94,10011.93
2019-10-12,10059.18,10300.61,9745.78,3406971194.43,9879.94
2019-10-13,10108.2,10213.1,9586.96,1947491855.82,9815.24
2019-10-14,9199.04,9730.88,9041.56,957676650.45,9462.87
2019-10-15,9457.85,9754.79,9402.95,3362623695.05,9438.24
2019-10-16,9276.78,9590.49,9213.6,4383708973.87,9272.71
2019-10-17,9108.78,9413.15,9038.95,3816961909.41,9316.76
2019-10-18,9233.6,9668.51,8988.22,455606111.88,9412.59
2019-10-19,9067.7,9463.08,8825.16,1310190584.67,9173.89
2019-10-20,9355.67,9795.25,9157.53,4333302914.77,9472.72
2019-10-21,8749.23,9299.76,8574.42,4338813795.94,8980.27
2019-10-22,8647.95,8813.73,8320.73,4272656454.31,8709.79
2019-10-23,8756.46,9004.96,8723.76,2293281450.98,8804.43
2019-10-24,8818.03,9171.5,8740.06,2443028420.28,8916.26
2019-10-25,8892.92,8894.59,8565.38,3808354473.26,8821.73
2019-10-26,8547.42,8987.5,8372.91,3820210143.86,8720.82
2019-10-27,9048.85,9194.86,8964.5,1922748936.07,8976.95
2019-10-28,8886.25,9212.65,8663.41,80244822.44,9139.75
2019-10-29,8784.03,9192.47,8652.86,1251627383.15,8950.19
2019-10-30,9439.18,9569.2,9005.73,1923916876.78,9330.84
2019-10-31,9390.12,9502.12,8949.85,3641881238.12,9211.14
2019-11-01,9190.36,9314.56,9096.58,4977407325.04,9137.53
2019-11-02,8792.09,8933.8,8773.83,4591844990.12,8866.97
2019-11-03,9211.68,9350.04,9111.15,664716824.32,9265.39
2019-11-04,9051.1,9369.92,8924.58,196443504.19,9234.5
2019-11-05,9129.59,9223.0,8761.74,252448938.29,8927.89
2019-11-06,9341.73,9349.1,9141.57,2089710070.25,9256.44
2019-11-07,9178.62,9447.43,8985.65,774104219.64,9245.05
2019-11-08,9025.96,9376.74,8904.11,1357185976.19,9134.97
2019-11-09,8887.68,8936.45,8771.88,533522042.13,8831.71
2019-11-10,8606.12,8847.61,8330.26,1006749436.87,8810.16
2019-11-11,8578.29,8884.13,8304.36,3520149383.73,8702.03
2019-11-12,8682.79,8756.84,8659.57,1659712044.82,8684.69
2019-11-13,8482.9,8978.68,8451.3,4177808504.66,8743.78
2019-11-14,8469.69,8860.99,8376.04,515439488.18,8683.25
2019-11-15,8449.9,8654.8,8446.07,1487150671.77,8575.5
2019-11-16,8314.15,8493.04,8078.22,4009964552.43,8479.66
2019-11-17,8405.76,8752.44,8101.47,3793437984.16,8501.29
2019-11-18,8986.82,9048.11,8670.88,2194195438.74,8899.59
2019-11-19,9089.21,9408.59,8695.88,4076671804.79,9023.26
2019-11-20,9369.61,9471.49,8892.72,4254851174.4,9116.73
2019-11-21,9495.01,9741.44,9251.4,574152216.32,9327.17
2019-11-22,9547.18,9608.05,9083.03,2957844011.92,9300.27
2019-11-23,9391.31,9646.14,8921.94,1904956387.79,9224.02
2019-11-24,9290.55,9602.17,9179.09,661970094.45,9188.85
2019-11-25,9464.83,9507.59,9014.57,239401903.64,9231.97
2019-11-26,9330.49,9583.5,9131.64,2887478550.54,9217.35
2019-11-27,9453.71,9823.49,9292.61,1698120202.42,9416.97
2019-11-28,8835.29,9294.88,8569.73,1735289942.41,9055.2
2019-11-29,9099.59,9239.68,8946.37,2796137741.14,9004.35
2019-11-30,9157.66,9215.14,9024.64,4260837045.72,9079.54
2019-12-01,9274.83,9302.6,8889.2,1212050165.32,9073.71
2019-12-02,8993.19,9380.68,8778.53,1182649999.96,9145.35
2019-12-03,9109.23,9424.32,8908.13,4284380228.65,9131.64
2019-12-04,9021.74,9258.98,8697.91,2067569352.9,9023.16
2019-12-05,9091.25,9091.31,8730.72,3024974347.55,9060.19
2019-12-06,8923.14,8996.97,8801.48,4752272098.67,8918.68
2019-12-07,8717.33,8808.48,8446.36,2277755313.19,8789.39
2019-12-08,8491.68,8728.96,8395.18,578976558.2,8505.39
2019-12-09,8526.91,8602.54,8175.07,4151120589.32,8396.27
2019-12-10,8577.67,8818.56,8239.4,829135284.85,8566.37
2019-12-11,8342.98,8771.43,8250.05,543737912.54,8526.93
2019-12-12,8638.92,8774.69,8238.64,3909287814.21,8421.54
2019-12-13,8442.89,8479.29,8139.28,4633866387.38,8334.48
2019-12-14,8618.04,8773.34,8363.73,4781389704.91,8479.58
2019-12-15,8057.97,8402.96,7906.59,252372312.1,8238.57
2019-12-16,8591.22,8774.89,8564.12,894240168.13,8600.02
2019-12-17,8477.38,8725.09,8143.44,1943153840.31,8437.61
2019-12-18,8087.19,8211.63,8078.57,4580392106.07,8085.2
2019-12-19,7961.46,8048.59,7826.66,4852753333.06,7838.07
2019-12-20,7697.28,7954.46,7619.83,1501576543.43,7737.79
2019-12-21,7861.93,8132.6,7678.49,4678205266.54,7768.01
2019-12-22,7737.75,7827.69,7479.39,3365144828.13,7680.53
2019-12-23,7804.44,8007.39,7572.73,2524428260.83,7585.38
2019-12-24,7354.31,7634.09,7201.45,2857484589.32,7528.03
2019-12-25,7445.99,7570.33,7297.7,4208532619.06,7372.05
2019-12-26,7426.96,7582.26,7007.76,735180291.05,7292.07
2019-12-27,7714.54,7776.23,7560.23,813067617.77,7636.54
2019-12-28,7758.3,7972.61,7389.09,3770433800.75,7603.47
2019-12-29,7526.73,7996.19,7256.51,4341496514.54,7744.04
2019-12-30,7830.75,8006.56,7483.1,3923692792.63,7718.49
2019-12-31,7464.76,7550.64,7234.86,4633159207.73,7333.28
2020-01-01,7183.23,7273.06,6858.73,74696536.0,6983.84
2020-01-02,7159.44,7448.27,7096.7,4351889280.68,7267.87
2020-01-03,7552.19,7747.83,7387.51,2737609532.14,7460.59
2020-01-04,7144.7,7366.51,7090.51,1477946831.8,7100.65
2020-01-05,7083.5,7269.27,6945.75,1892219152.99,7219.09
2020-01-06,7432.57,7630.78,7173.94,2924090427.84,7464.59
2020-01-07,7553.17,7599.94,7206.81,1619923849.17,7459.32
2020-01-08,7420.79,7910.73,7306.69,3312832152.72,7626.31
2020-01-09,7315.3,7609.51,7115.7,1107610456.98,7378.13
2020-01-10,7252.18,7412.56,7108.63,2085496906.41,7392.4
2020-01-11,7191.08,7375.83,6998.9,1810381145.07,7313.42
2020-01-12,7171.66,7514.52,7036.98,4983189102.2,7294.9
2020-01-13,7302.67,7725.76,7140.74,4523437327.85,7524.43
2020-01-14,7098.25,7274.61,7038.56,3415931290.23,7050.15
2020-01-15,7064.78,7173.83,6754.52,1421316681.45,6881.06
2020-01-16,7404.84,7648.34,7045.81,4016055520.17,7226.49
2020-01-17,7346.99,7403.57,7036.0,4741576980.05,7175.52
2020-01-18,7049.98,7468.7,6919.69,46579625.22,7193.54
2020-01-19,7561.21,7822.82,7267.77,528594777.78,7439.1
2020-01-20,7566.99,7779.7,7542.71,3878281634.91,7549.89
2020-01-21,7386.99,7432.42,7121.7,1665259723.58,7279.16
2020-01-22,6764.09,6950.8,6708.42,2794840184.54,6935.74
2020-01-23,6725.86,6930.61,6626.37,2170794922.85,6824.69
2020-01-24,6572.83,6951.34,6450.53,3210699504.94,6769.04
2020-01-25,6593.54,6778.39,6316.5,4640958273.33,6559.84
2020-01-26,6222.77,6573.99,6048.87,441661054.97,6373.38
2020-01-27,6349.56,6558.64,6215.96,2672004141.41,6389.77
2020-01-28,6083.46,6316.41,6034.18,2733165098.52,6219.15
2020-01-29,6370.22,6603.16,6251.49,3649329637.31,6303.17
2020-01-30,6233.57,6519.94,6122.24,2779798030.74,6281.38
2020-01-31,6329.15,6465.14,6279.31,1530408850.22,6292.66
2020-02-01,6397.61,6628.83,6138.26,2069145935.17,6303.7
2020-02-02,6062.89,6243.44,6022.81,979687814.58,6188.78
2020-02-03,5926.06,6234.81,5891.04,4258424734.9,6041.56
2020-02-04,6468.96,6626.59,6285.41,346140159.45,6484.03
2020-02-05,6118.02,6451.1,5992.52,1660946149.1,6269.15
2020-02-06,6273.39,6586.92,6248.33,1595751826.8,6427.64
2020-02-07,6577.3,6759.47,6394.62,2925007964.9,6596.83
2020-02-08,6381.82,6563.48,6127.78,1238413941.34,6452.93
2020-02-09,6284.64,6580.57,6142.89,4202149193.32,6391.43
2020-02-10,6712.82,6837.1,6395.63,1534304264.26,6564.0
2020-02-11,6784.23,6831.93,6656.84,4210547046.74,6763.26
2020-02-12,6837.68,6909.68,6790.86,391547269.0,6821.87
2020-02-13,6577.28,6754.25,6447.62,165659212.73,6749.22
2020-02-14,6635.16,6875.7,6481.14,2721911926.35,6599.51
2020-02-15,6711.76,6838.51,6458.15,1835434964.21,6516.75
2020-02-16,6655.38,6732.85,6422.99,2556955846.79,6563.53
2020-02-17,6799.42,6979.22,6707.67,4241429382.12,6841.79
2020-02-18,6785.06,7066.27,6634.76,903934467.7,6923.88
2020-02-19,6880.32,7061.8,6691.3,3682239846.09,6699.94
2020-02-20,6432.5,6670.5,6191.37,1853481575.38,6542.88
2020-02-21,6378.92,6613.08,6355.37,1812644309.15,6558.83
2020-02-22,6207.87,6631.85,6040.03,3521643901.71,6381.54
2020-02-23,6423.04,6636.19,6372.44,1323947186.23,6414.81
2020-02-24,6377.79,6470.98,6231.89,4178990647.71,6319.52
2020-02-25,6298.95,6393.77,6269.32,2586695193.02,6292.66
2020-02-26,6097.23,6219.72,6000.71,2514166552.51,6102.04
2020-02-27,6209.47,6389.0,5980.24,3220950241.92,6346.96
2020-02-28,6318.73,6554.21,6095.89,1159428199.67,6371.4
2020-02-29,6591.7,6781.6,6336.68,2399285067.17,6470.88
2020-03-01,6624.23,6630.18,6245.76,2871697691.65,6494.33
2020-03-02,6453.75,6753.58,6205.72,2865623803.16,6587.69
2020-03-03,6578.46,6964.31,6473.03,2822387464.66,6707.22
2020-03-04,6556.81,6946.16,6468.1,1424438585.76,6751.83
2020-03-05,7114.37,7361.18,6680.8,4153514237.77,6910.06
2020-03-06,7049.26,7273.31,6956.54,917601917.83,7006.86
2020-03-07,7026.29,7122.6,6781.47,2957073994.75,6933.03
2020-03-08,6707.94,6923.61,6468.75,1019719259.95,6818.48
2020-03-09,6913.39,6988.37,6663.48,2384587235.59,6946.82
2020-03-10,6834.67,6845.34,6729.25,2521612748.61,6787.93
2020-03-11,6778.18,7099.26,6731.42,4485875074.71,6931.93
2020-03-12,7182.3,7368.82,6930.68,1858183476.74,7065.77
2020-03-13,7156.67,7508.21,7096.43,1912370116.03,7274.75
2020-03-14,7374.16,7592.85,7265.01,3486570939.76,7334.97
2020-03-15,7405.16,7484.3,7363.42,1423500673.36,7415.34
2020-03-16,7641.52,7766.43,7230.19,3548652697.66,7472.6
2020-03-17,7360.03,7534.93,7258.33,3441956016.52,7532.76
2020-03-18,7212.39,7398.62,6968.54,3261363914.54,7292.94
2020-03-19,7251.36,7391.31,7041.23,3406222468.27,7284.77
2020-03-20,7759.48,7887.74,7576.46,2417514107.46,7642.56
2020-03-21,7365.46,7567.61,7172.3,3530418093.78,7475.91
2020-03-22,7757.25,8022.55,7544.79,3741592833.45,7649.04
2020-03-23,7219.58,7432.34,7046.48,1698804853.08,7369.12
2020-03-24,7485.82,7694.54,7375.64,812082665.57,7463.17
2020-03-25,7298.35,7525.41,7276.7,2182533398.42,7481.91
2020-03-26,7282.08,7543.99,7014.11,198399138.04,7477.66
2020-03-27,7122.9,7271.34,6992.91,2991388093.43,7074.52
2020-03-28,7611.92,7861.66,7306.99,2200470522.22,7413.66
2020-03-29,7631.32,7718.62,7204.95,3001579415.33,7494.66
2020-03-30,7763.55,7835.49,7498.52,189945054.39,7756.19
2020-03-31,7597.08,8065.78,7530.13,1772107040.15,7756.5
2020-04-01,7712.31,7943.09,7563.54,3687258445.33,7761.14
2020-04-02,7736.43,8097.91,7710.13,1746995288.76,7837.77
2020-04-03,8092.23,8181.73,7749.4,980680713.5,7873.37
2020-04-04,7989.94,8238.14,7704.37,371205992.93,8106.13
2020-04-05,7894.17,8295.61,7831.94,4783979654.43,7992.84
2020-04-06,8290.53,8520.74,8242.23,2820211332.99,8253.44
2020-04-07,8117.47,8363.42,7975.69,2299653662.38,7988.08
2020-04-08,7511.37,7766.56,7231.21,3171972369.82,7730.6
2020-04-09,8024.47,8241.74,7553.32,1585496163.2,7793.38
2020-04-10,7783.23,8286.06,7549.19,474117056.51,8019.13
2020-04-11,8035.22,8299.12,7658.44,4657667236.78,7952.35
2020-04-12,7952.45,8038.05,7752.22,3418705469.53,7768.66
2020-04-13,7987.01,8146.43,7545.73,3679791035.56,7795.28
2020-04-14,7747.07,7966.52,7628.88,788417886.7,7887.74
2020-04-15,7607.63,8078.28,7508.97,3320486150.82,7791.49
2020-04-16,7560.27,7573.05,7385.33,3107130699.41,7541.5
2020-04-17,7327.95,7620.28,7297.76,4345156489.77,7331.32
2020-04-18,6973.34,7051.52,6591.82,2887559279.87,6803.52
2020-04-19,6649.09,7050.27,6510.34,2708432048.5,6831.85
2020-04-20,6735.48,6782.57,6654.75,3494240394.8,6661.01
2020-04-21,6642.46,6841.98,6379.91,1061654404.65,6658.42
2020-04-22,6573.62,6641.9,6411.53,1193324371.01,6529.43
2020-04-23,6447.75,6617.24,6284.21,2498862382.88,6458.85
2020-04-24,6470.46,6743.23,6284.01,907647251.35,6520.41
2020-04-25,6616.13,6921.72,6411.97,508350007.14,6765.87
2020-04-26,6722.91,6853.2,6493.21,4796148124.53,6750.36
2020-04-27,6728.63,7094.65,6507.02,2502993152.3,6873.15
2020-04-28,7214.72,7422.67,7145.48,1507170568.95,7207.37
2020-04-29,7224.43,7388.52,7024.39,3455810448.04,7197.59
2020-04-30,7493.77,7693.4,7328.86,1679936127.19,7504.33
2020-05-01,7567.38,7802.08,7546.75,1295996979.01,7631.04
2020-05-02,7897.6,8201.86,7479.68,2883713342.79,7727.28
2020-05-03,7808.74,7863.26,7671.48,1781994101.57,7739.49
2020-05-04,7744.03,8019.6,7446.63,1439752647.01,7635.67
2020-05-05,7498.95,7542.4,7192.42,4040508548.35,7440.16
2020-05-06,7334.42,7583.47,7031.75,818377449.85,7303.03
2020-05-07,7400.35,7618.38,7190.58,1344687230.44,7523.02
2020-05-08,7406.49,7687.52,7217.82,2938729669.89,7431.06
2020-05-09,7518.79,7643.3,7075.71,125274450.66,7314.49
2020-05-10,7469.29,7678.64,7009.22,842883220.55,7276.99
2020-05-11,6844.62,7029.53,6811.41,2746684381.65,7011.64
2020-05-12,7299.79,7324.09,6973.55,784819066.38,7185.54
2020-05-13,7282.36,7540.3,7016.01,1244508631.38,7215.33
2020-05-14,7002.96,7401.59,6730.84,3321110185.17,7161.39
2020-05-15,7567.03,7665.46,7251.68,4875157911.75,7406.88
2020-05-16,7239.94,7545.68,7152.37,893412833.5,7263.97
2020-05-17,7269.76,7453.26,7122.17,2824282588.74,7227.44
2020-05-18,6892.5,7068.95,6765.59,4025491753.57,6972.13
2020-05-19,6911.36,7037.03,6706.73,1524828848.71,6935.56
2020-05-20,7405.72,7507.59,7100.25,51502381.88,7254.28
2020-05-21,7438.19,7719.94,7102.73,55571671.89,7254.47
2020-05-22,7002.88,7119.72,6827.43,2064561986.64,7117.66
2020-05-23,7206.47,7320.26,6940.06,3688218091.98,7180.38
2020-05-24,6945.51,7164.7,6734.24,3825046087.44,7045.7
2020-05-25,7331.42,7568.24,7065.15,1430537504.82,7155.41
2020-05-26,7103.64,7384.74,6871.33,1455080543.46,7140.96
2020-05-27,6872.52,7042.34,6618.07,3117541363.58,6816.53
2020-05-28,6644.84,6975.52,6428.47,520344708.4,6829.38
2020-05-29,6765.62,7056.89,6691.77,1171724384.8,6860.63
2020-05-30,6911.35,7064.49,6855.91,4989837596.37,6977.53
2020-05-31,7127.11,7368.78,6936.17,4219296033.35,7142.67
2020-06-01,7319.63,7340.53,7047.93,969039541.7,7200.54
2020-06-02,7329.43,7569.03,7132.9,618588165.37,7182.25
2020-06-03,7314.83,7444.44,7122.16,177216354.94,7197.7
2020-06-04,7045.83,7280.23,6910.87,4910758098.51,7062.42
2020-06-05,6722.59,6887.11,6622.87,220507718.82,6799.24
2020-06-06,7022.53,7168.85,6638.55,3196214860.09,6842.93
2020-06-07,7107.95,7169.87,6709.34,3168215739.85,6956.17
2020-06-08,7224.12,7349.87,7014.94,607051464.13,7301.0
2020-06-09,7106.15,7535.94,6957.0,2985099296.82,7306.95
2020-06-10,7227.02,7309.29,6983.53,466093746.0,7283.22
2020-06-11,7181.93,7361.51,6711.69,3226428734.27,6973.97
2020-06-12,6781.55,6996.24,6466.31,1171046407.97,6700.61
2020-06-13,7101.68,7330.5,6836.93,972896842.26,6993.96
2020-06-14,7037.56,7138.39,6717.71,4494328590.91,6958.55
2020-06-15,6689.31,6961.56,6472.51,941267377.46,6772.73
2020-06-16,6727.42,6988.38,6532.41,4158434471.02,6789.48
2020-06-17,6794.49,7018.16,6603.06,1324112851.79,6974.91
2020-06-18,6806.69,6861.6,6708.14,1901427412.64,6861.4
2020-06-19,7021.72,7239.68,6665.22,3607807777.79,6874.54
2020-06-20,6970.83,7121.11,6736.07,2625108146.36,6905.25
2020-06-21,6732.02,6818.89,6590.62,561216028.86,6686.67
2020-06-22,6699.24,6717.11,6645.83,657573588.95,6689.93
2020-06-23,6762.7,6795.37,6646.65,4183134637.77,6768.64
2020-06-24,6750.85,6892.84,6607.58,1287133266.37,6687.48
2020-06-25,6366.87,6778.3,6165.36,2462113452.13,6535.14
2020-06-26,6857.84,6879.78,6647.8,312893939.55,6701.13
2020-06-27,6299.83,6425.24,6226.36,4119978401.72,6331.76
2020-06-28,6111.48,6208.66,5884.23,1526483698.85,6198.58
2020-06-29,6410.24,6759.58,6290.16,955407461.4,6569.03
2020-06-30,6436.68,6500.73,6330.27,902700479.23,6426.58
2020-07-01,6273.65,6589.89,6112.53,2299015756.22,6425.74
2020-07-02,6321.41,6544.63,6050.74,910178727.61,6259.35
2020-07-03,6017.65,6389.01,5883.58,1768097135.6,6143.65
2020-07-04,6155.44,6471.32,5989.15,1864880367.05,6224.47
2020-07-05,6323.72,6477.62,6130.14,1077501398.86,6239.17
2020-07-06,6171.13,6399.74,5893.05,4808642360.4,6074.29
2020-07-07,6010.28,6246.59,5833.88,2592870700.61,5929.76
2020-07-08,6155.05,6229.36,5810.76,1117214650.38,5978.07
2020-07-09,6113.21,6281.87,5823.67,2772779134.89,5997.37
2020-07-10,5992.82,6214.78,5770.69,198304137.42,5972.64
2020-07-11,5875.19,6060.33,5694.94,4057260441.55,5922.42
2020-07-12,5839.5,6081.8,5820.32,3673987109.85,5986.07
2020-07-13,5825.57,6138.45,5753.24,2885399984.27,5942.19
2020-07-14,5821.17,5959.77,5523.18,3656638916.16,5682.19
2020-07-15,5481.19,5804.88,5338.22,4087537083.23,5631.23
2020-07-16,5576.91,5799.55,5547.86,1141321180.1,5604.98
2020-07-17,5334.74,5666.74,5202.97,1530869130.47,5495.84
2020-07-18,5195.91,5458.39,5019.16,2516984036.13,5343.0
2020-07-19,5425.2,5510.46,5232.19,2979709634.56,5350.85
2020-07-20,5394.73,5442.65,5239.99,1977668795.35,5393.2
2020-07-21,5454.23,5464.98,5300.43,434544147.47,5430.95
2020-07-22,5473.16,5642.57,5282.19,683005110.99,5472.56
2020-07-23,5373.79,5415.94,5243.35,3680982093.19,5325.14
2020-07-24,5188.86,5284.18,5142.53,1623824089.37,5269.08
2020-07-25,5374.61,5465.67,5181.12,1610484430.63,5319.79
2020-07-26,5323.17,5328.32,5146.16,4938383065.65,5293.35
2020-07-27,4976.31,5022.75,4786.19,4092677881.46,4993.62
2020-07-28,4655.04,4811.34,4609.93,4265293084.44,4740.46
2020-07-29,4899.17,5080.77,4745.61,4102468442.59,4770.66
2020-07-30,4656.63,4929.69,4491.09,2255807237.49,4796.58
2020-07-31,4888.98,4928.83,4784.84,1300703437.09,4877.86
2020-08-01,4884.77,5032.52,4717.0,3496788607.72,4889.75
2020-08-02,5099.91,5108.78,4882.75,1427227569.83,5050.36
2020-08-03,5157.57,5285.06,4877.59,3277241780.36,5069.61
2020-08-04,5123.88,5372.24,5054.22,4322768545.06,5195.17
2020-08-05,5051.81,5382.4,4980.97,1163531414.49,5201.91
2020-08-06,4822.32,5003.37,4796.63,2662487619.36,4941.03
2020-08-07,5074.38,5275.25,4964.36,4632486365.4,5171.68
2020-08-08,5277.57,5347.99,5140.44,793456200.45,5268.27
2020-08-09,5233.08,5355.99,5154.64,1188661780.88,5281.64
2020-08-10,5537.66,5676.28,5409.55,4453106409.53,5435.93
2020-08-11,5516.37,5522.87,5317.71,1408167284.69,5414.09
2020-08-12,5633.82,5653.6,5443.34,4803422410.29,5581.27
2020-08-13,5863.2,6009.9,5643.93,1209400432.77,5823.9
2020-08-14,6194.32,6275.9,5934.99,1041718800.56,6045.69
2020-08-15,6236.13,6512.39,6186.27,4314312431.28,6374.36
2020-08-16,6293.11,6327.16,6283.05,4879126776.25,6284.14
2020-08-17,6374.32,6756.06,6353.19,1594306092.1,6512.99
2020-08-18,6001.12,6219.77,5972.23,3638126870.97,6141.74
2020-08-19,6105.57,6320.52,5869.0,2062146298.76,6009.86
2020-08-20,5816.35,6033.48,5516.93,3897748346.01,5681.99
2020-08-21,5661.2,5840.85,5607.41,3063788172.37,5798.0
2020-08-22,5684.87,5831.83,5613.79,1802714059.33,5778.16
2020-08-23,6031.35,6146.34,5845.3,3027511680.42,5964.03
2020-08-24,6055.2,6174.24,5725.34,974366549.1,5929.92
2020-08-25,5627.99,5967.59,5406.25,1356594926.2,5790.51
2020-08-26,5750.46,5924.76,5378.11,4636244998.83,5586.8
2020-08-27,5872.59,6076.28,5589.9,1631229177.75,5706.32
2020-08-28,5570.73,5612.09,5511.76,1908067102.09,5602.71
2020-08-29,5567.3,5768.23,5509.95,2973090948.95,5630.51
2020-08-30,5438.66,5551.93,5229.34,4136780407.28,5346.62
2020-08-31,5157.91,5514.78,5058.61,1984099871.21,5303.52
2020-09-01,5292.88,5426.4,5086.68,1462985017.55,5287.77
2020-09-02,5088.32,5182.01,5053.24,2312122348.18,5119.64
2020-09-03,4831.11,5066.42,4665.35,4151168587.09,4963.77
2020-09-04,5029.22,5189.63,4850.82,3895868397.96,5043.84
2020-09-05,5109.5,5310.22,4997.27,902604108.93,5223.8
2020-09-06,5174.96,5322.47,4982.76,2278869206.16,5147.07
2020-09-07,5272.7,5440.69,5088.98,626485642.01,5146.97
2020-09-08,5220.64,5440.43,5087.61,2623848357.27,5344.36
2020-09-09,5171.53,5368.0,5039.47,1909228976.21,5167.91
2020-09-10,5405.72,5602.97,5227.62,3301056399.6,5320.09
2020-09-11,5371.99,5633.54,5247.27,1554496344.13,5477.53
2020-09-12,5792.8,5896.2,5615.73,596594352.23,5700.92
2020-09-13,5808.32,5867.12,5641.06,4278501171.53,5765.92
2020-09-14,5852.56,5853.91,5809.94,1197012986.56,5837.33
2020-09-15,5665.96,5714.77,5575.33,1231118725.48,5696.67
2020-09-16,5626.87,5766.36,5511.63,4128009998.47,5610.93
2020-09-17,5738.97,5747.4,5653.43,3338312749.3,5686.67
2020-09-18,5826.87,5896.43,5692.85,254666500.12,5711.04
2020-09-19,5691.65,5830.77,5563.97,2978895241.66,5633.48
2020-09-20,5775.34,5816.32,5553.77,2899041799.29,5677.47
2020-09-21,5665.44,5819.04,5524.7,347656722.33,5734.5
2020-09-22,5683.15,5833.73,5522.4,681383487.5,5708.04
2020-09-23,5678.27,5797.43,5600.09,3064148187.19,5669.07
2020-09-24,5431.96,5724.71,5351.34,4936074426.16,5562.35
2020-09-25,5490.34,5706.94,5198.47,3048134588.6,5351.04
2020-09-26,5312.83,5484.87,5311.77,1775728188.43,5371.98
2020-09-27,5496.93,5635.86,5378.98,907737085.96,5490.44
2020-09-28,5655.79,5816.09,5614.24,17888776.96,5618.9
2020-09-29,5680.27,6010.75,5634.73,4994945166.18,5813.54
2020-09-30,5813.98,5922.15,5711.75,3191142682.5,5844.12
2020-10-01,5863.95,6129.61,5701.58,2538381239.21,5941.8
2020-10-02,5886.02,5950.32,5812.05,1713394310.3,5948.86
2020-10-03,5748.76,5957.47,5594.82,1696304907.81,5915.91
2020-10-04,5773.06,5984.62,5667.59,3231804581.12,5713.93
2020-10-05,5644.33,5765.56,5367.94,3922105275.71,5514.61
2020-10-06,5508.49,5701.55,5472.16,1503725295.73,5537.08
2020-10-07,5530.08,5576.14,5448.77,3999681314.09,5518.19
2020-10-08,5525.27,5603.42,5392.99,1409495542.98,5399.56
2020-10-09,5823.12,6019.34,5680.08,1953935706.73,5779.25
2020-10-10,5893.36,6097.17,5801.65,3529278258.39,5859.89
2020-10-11,5815.04,5961.46,5637.71,2265012584.77,5845.24
2020-10-12,6038.29,6090.49,5715.22,570034048.61,5879.29
2020-10-13,6082.01,6189.97,5703.34,2418489323.82,5934.81
2020-10-14,5683.67,5726.92,5666.29,3664880923.11,5683.65
2020-10-15,5324.29,5630.47,5286.41,4690738995.12,5440.74
2020-10-16,5463.28,5492.28,5346.4,2302248368.96,5405.96
2020-10-17,5209.05,5569.01,5143.84,2975495028.13,5368.79
2020-10-18,5080.78,5307.15,4886.93,2607682783.4,5209.86
2020-10-19,5172.8,5237.39,5126.63,1611193045.53,5148.84
2020-10-20,4961.89,5111.08,4826.76,2211166957.53,5055.14
2020-10-21,5038.88,5111.37,4962.88,2575162703.18,5108.26
2020-10-22,5066.39,5229.45,4928.28,716368575.67,5157.19
2020-10-23,5048.92,5142.03,4970.81,1700307073.72,5127.42
2020-10-24,5010.08,5053.23,4904.01,3380724729.83,5027.08
2020-10-25,5037.63,5096.18,4956.24,2967853557.25,5059.95
2020-10-26,5188.52,5333.66,5007.87,1569078849.24,5085.93
2020-10-27,5221.51,5332.94,5163.08,3781157248.5,5168.52
2020-10-28,4972.19,5008.71,4934.97,4599248320.13,4982.45
2020-10-29,4901.46,5040.71,4744.14,1166154126.14,4847.8
2020-10-30,4793.49,5042.16,4720.04,4565179437.28,4874.27
2020-10-31,4773.94,4924.56,4704.85,2271882507.82,4727.09
2020-11-01,4705.6,4934.13,4583.52,2311596001.69,4842.07
2020-11-02,4971.79,4997.13,4763.54,4089588932.2,4940.83
2020-11-03,5217.63,5285.64,5054.47,3964230388.31,5126.35
2020-11-04,4973.41,5123.54,4883.48,4869719738.79,4999.38
2020-11-05,4938.86,5041.32,4902.1,2958941293.22,4973.53
2020-11-06,5088.21,5199.03,4849.14,3316435162.06,5001.97
2020-11-07,4748.0,5052.75,4667.13,2438285229.43,4871.37
2020-11-08,4773.45,4930.4,4600.94,4779858397.43,4757.72
2020-11-09,4564.16,4705.52,4530.21,3859003460.56,4685.15
2020-11-10,4630.16,4646.92,4552.52,4437435067.5,4586.08
2020-11-11,4791.59,4913.52,4491.3,742159516.72,4678.4
2020-11-12,4732.16,4873.72,4579.91,3410768772.05,4763.6
2020-11-13,4828.06,4993.14,4811.3,1529705163.86,4881.78
2020-11-14,5148.85,5219.75,4821.67,50515069.52,5003.96
2020-11-15,5102.07,5184.56,4784.38,1477981467.7,4957.38
2020-11-16,4720.83,4987.37,4686.98,1802630706.48,4850.89
2020-11-17,5070.52,5246.1,4811.13,3514087192.53,4962.95
2020-11-18,4843.16,4951.9,4755.04,3315812925.96,4877.46
2020-11-19,4935.8,4980.47,4814.3,4623165393.53,4943.25
2020-11-20,5130.26,5267.76,4809.06,368012522.72,4981.57
2020-11-21,4777.71,5062.67,4679.61,2189308227.64,4920.69
2020-11-22,5014.77,5098.19,4864.14,3946752838.42,4972.34
2020-11-23,5000.26,5085.41,4806.1,2551980423.01,4969.12
2020-11-24,4798.45,4876.45,4722.56,2893913118.88,4840.48
2020-11-25,4897.8,4944.19,4702.34,2060080690.19,4797.97
2020-11-26,4822.57,4932.17,4632.71,574690204.38,4688.05
2020-11-27,4650.84,4784.59,4491.24,3659152983.25,4656.0
2020-11-28,5071.6,5165.92,4804.22,4450678236.74,4988.13
2020-11-29,4829.03,5044.86,4779.13,4802451124.32,4951.29
2020-11-30,5197.35,5262.32,4912.56,1724295393.3,5106.03
2020-12-01,5278.02,5377.01,5090.07,2351469636.66,5191.26
2020-12-02,5320.57,5490.45,5030.28,186277938.47,5177.49
2020-12-03,5170.82,5325.82,4987.79,2822894303.72,5042.87
2020-12-04,5072.35,5185.79,5070.39,4046389940.6,5175.1
2020-12-05,5269.24,5329.7,5038.29,2532924585.44,5230.23
2020-12-06,5176.32,5352.51,5146.89,80873020.21,5293.02
2020-12-07,5085.85,5243.58,5002.8,764166711.19,5207.21
2020-12-08,4912.53,5123.63,4811.32,3998866311.99,4983.93
2020-12-09,5168.24,5239.12,4873.11,733900556.43,5058.37
2020-12-10,5124.09,5329.03,5077.02,1197357721.16,5125.33
2020-12-11,5077.15,5225.38,4916.88,3674461943.59,5095.43
2020-12-12,5069.23,5092.75,4826.46,1999736565.7,4992.7
2020-12-13,5079.4,5294.1,5029.1,2667278953.54,5140.67
2020-12-14,4986.72,5023.33,4960.84,69196570.08,4994.33
2020-12-15,5259.63,5354.05,5062.23,4809195986.81,5128.18
2020-12-16,5241.13,5374.77,5104.03,2164611534.3,5112.99
2020-12-17,5206.63,5385.4,4944.12,1342768200.44,5079.23
2020-12-18,5195.99,5391.89,5143.84,3674224144.24,5230.14
2020-12-19,5368.92,5410.78,5198.95,3454488861.23,5340.49
2020-12-20,5468.29,5650.2,5198.27,497516809.78,5412.17
2020-12-21,5434.05,5665.62,5264.38,1423652125.28,5566.33
2020-12-22,5440.46,5786.37,5365.73,4178941094.07,5577.0
2020-12-23,5757.13,5904.07,5540.15,608685777.79,5605.61
2020-12-24,5704.48,5909.82,5553.36,4836155888.68,5651.45
2020-12-25,5725.86,5885.19,5425.93,2340108330.67,5592.97
2020-12-26,5923.19,5988.67,5644.28,4517923549.42,5776.68
2020-12-27,5788.48,5863.36,5505.29,379245329.6,5696.24
2020-12-28,5662.52,5733.69,5652.46,1330677613.75,5719.95
2020-12-29,5561.6,5691.28,5545.71,3055406405.92,5581.5
2020-12-30,5531.32,5825.88,5358.38,3220257453.17,5652.09
2020-12-31,5943.8,6113.89,5592.17,373868321.86,5800.21
2021-01-01,5682.44,5905.39,5488.98,3205272993.7,5700.95
2021-01-02,5800.89,5955.1,5488.13,3503275444.7,5654.03
2021-01-03,5812.0,6030.51,5688.35,2185927760.64,5806.64
2021-01-04,5817.23,5998.95,5650.65,2705242297.92,5699.58
2021-01-05,6168.78,6287.73,5948.51,4675860515.67,6053.29
2021-01-06,6009.8,6226.41,5865.71,3165039907.73,6061.1
2021-01-07,6137.69,6373.61,5899.68,2303600375.24,6124.97
2021-01-08,6205.56,6366.35,5906.72,206262601.15,6107.89
2021-01-09,6104.57,6323.47,5944.51,1802712996.29,6033.66
2021-01-10,5947.08,6253.37,5884.12,708315329.31,6098.99
2021-01-11,6218.6,6340.29,5952.33,2707354715.62,6184.11
2021-01-12,6341.1,6552.12,6299.06,2252043314.97,6415.11
2021-01-13,6287.11,6662.69,6046.39,599753672.53,6459.16
2021-01-14,6576.99,6752.55,6318.08,3393608339.0,6458.0
2021-01-15,6553.58,6796.02,6271.25,716536456.42,6522.53
2021-01-16,6516.33,6639.16,6435.57,238550450.66,6456.74
2021-01-17,6304.55,6443.87,6129.87,3970548551.87,6431.02
2021-01-18,6333.24,6393.28,6229.64,4090822887.04,6349.93
2021-01-19,6612.66,6671.0,6445.24,2136795205.05,6496.05
2021-01-20,6737.64,7002.35,6528.94,1627932355.65,6614.02
2021-01-21,6679.55,7056.58,6624.27,3823497133.01,6828.13
2021-01-22,6832.28,6923.97,6555.37,714771645.07,6794.33
2021-01-23,6589.54,6705.16,6548.96,213087482.87,6568.49
2021-01-24,6536.58,6924.33,6435.25,3890531571.86,6697.33
2021-01-25,6685.77,6939.28,6442.18,3262261401.36,6889.84
2021-01-26,7069.75,7187.45,6856.12,3865087915.55,6909.35
2021-01-27,6925.38,7070.28,6706.24,4691067156.13,6867.76
2021-01-28,6803.49,6813.73,6536.98,2504439298.17,6758.66
2021-01-29,7102.96,7201.8,6706.44,1185838646.57,6984.54
2021-01-30,6750.62,7055.71,6506.43,1815887509.92,6909.18
2021-01-31,6807.58,7137.57,6714.82,1389368653.78,6924.21
2021-02-01,6585.8,6922.88,6502.89,4843183450.69,6709.1
2021-02-02,6673.41,6684.92,6512.13,1432471954.87,6605.97
2021-02-03,6596.48,6710.99,6545.07,3794456023.96,6622.44
2021-02-04,7059.83,7109.5,6825.27,2430456366.16,6884.34
2021-02-05,6799.99,7209.53,6724.21,2967606244.71,6960.33
2021-02-06,6980.4,7071.34,6846.04,1637399801.29,6907.11
2021-02-07,6840.18,7216.05,6804.58,1883906615.51,7009.21
2021-02-08,7038.87,7296.41,6798.12,4640156711.05,7045.46
2021-02-09,7221.3,7353.04,6971.85,3601907868.45,7240.86
2021-02-10,6784.42,6942.99,6700.89,307662080.97,6907.84
2021-02-11,6417.7,6784.3,6278.72,864294570.42,6560.79
2021-02-12,6410.66,6613.12,6278.79,3061525171.24,6371.04
2021-02-13,6515.82,6905.42,6478.03,441506918.18,6647.47
2021-02-14,6968.67,7133.57,6723.29,1403062682.91,6767.41
2021-02-15,6705.24,6902.69,6414.65,1643206777.18,6613.96
2021-02-16,6342.54,6380.33,6200.25,35337130.39,6307.81
2021-02-17,6325.71,6335.84,6018.37,3845345890.27,6148.56
2021-02-18,6325.67,6535.72,6280.45,2267682427.4,6333.54
2021-02-19,6275.16,6516.81,6027.27,3661613556.66,6374.41
2021-02-20,6376.18,6622.5,6144.27,2404116927.45,6455.27
2021-02-21,6353.35,6609.48,6317.24,3738960616.09,6428.63
2021-02-22,6711.29,6945.97,6446.51,3951394976.82,6603.58
2021-02-23,6579.81,6754.52,6483.32,4303309428.47,6631.37
2021-02-24,6878.48,6957.23,6720.52,1356249009.02,6948.14
2021-02-25,7296.3,7454.62,7047.69,3940582302.26,7106.1
2021-02-26,7531.2,7547.71,7409.91,3376518303.28,7426.15
2021-02-27,7789.87,7824.44,7419.47,3099475917.47,7612.66
2021-02-28,7560.78,7581.05,7446.61,1031515839.55,7534.21
2021-03-01,7841.71,7916.57,7351.39,2397682390.43,7621.64
2021-03-02,8070.9,8138.62,7774.42,1134931759.23,7854.53
2021-03-03,7689.46,7840.98,7591.1,1392955216.63,7758.02
2021-03-04,7916.0,8089.45,7638.21,3552028190.82,7922.54
2021-03-05,8078.73,8250.92,7766.93,3108546826.52,7993.22
2021-03-06,8292.69,8604.78,7837.54,4460597034.33,8141.84
2021-03-07,7655.57,7699.58,7624.32,1448979711.55,7674.97
2021-03-08,7659.53,7980.39,7505.22,4376215766.29,7763.91
2021-03-09,7748.37,7942.78,7519.96,4848177281.66,7738.76
2021-03-10,7569.01,7774.91,7461.43,1464668817.84,7639.27
2021-03-11,7413.47,7878.6,7185.83,4737769072.82,7613.11
2021-03-12,7421.96,7686.26,7221.96,2970852702.73,7492.64
2021-03-13,7427.13,7677.24,7177.54,1527370867.96,7340.42
2021-03-14,7410.34,7637.84,7257.46,4853913001.4,7559.22
2021-03-15,7931.48,7946.49,7603.19,2285073420.57,7805.15
2021-03-16,8129.47,8222.23,8018.85,4198265067.59,8027.45
2021-03-17,8519.17,8746.25,8136.56,1197147568.64,8421.72
2021-03-18,8406.61,8688.91,8132.38,2816811339.7,8599.33
2021-03-19,8405.88,8756.93,8185.26,1870845530.69,8647.3
2021-03-20,8421.06,8836.31,8220.49,2502090410.03,8522.53
2021-03-21,8310.4,8646.64,8084.43,31428586.03,8491.07
2021-03-22,8363.75,8687.71,8187.75,1456237641.49,8449.29
2021-03-23,8084.95,8402.1,7740.87,743946538.72,7875.15
2021-03-24,7455.71,7687.93,7375.67,4501870600.58,7481.7
2021-03-25,7160.94,7480.6,6962.75,2014133310.4,7319.29
2021-03-26,7245.18,7443.12,7141.23,2921322893.25,7426.77
2021-03-27,7136.02,7528.61,6929.91,122517745.32,7257.0
2021-03-28,7138.43,7163.38,6927.71,980305696.33,7065.7
2021-03-29,6943.09,7189.75,6927.37,4543150281.59,7019.85
2021-03-30,7103.7,7208.73,6781.53,1430405324.33,6956.04
2021-03-31,6968.73,7306.37,6933.69,447117168.21,7031.44
2021-04-01,7212.05,7443.9,6805.69,4030307197.67,7005.01
2021-04-02,7009.42,7128.25,6788.79,706442757.54,6817.03
2021-04-03,6636.86,6883.55,6601.7,4933325353.14,6755.3
2021-04-04,6543.1,6975.98,6479.27,451356910.49,6717.99
2021-04-05,6371.39,6546.63,6297.55,3778666301.48,6404.24
2021-04-06,6451.8,6644.55,6292.25,2773795963.29,6595.48
2021-04-07,7031.55,7117.03,6771.65,2322624652.69,6893.17
2021-04-08,6779.63,6978.4,6579.67,4780572714.7,6977.72
2021-04-09,7142.67,7397.71,6912.35,2464513651.47,7077.35
2021-04-10,6982.43,7050.79,6661.39,1393313000.65,6904.61
2021-04-11,7071.39,7235.75,6847.62,4343046131.78,6968.72
2021-04-12,7019.91,7153.58,6881.21,606722583.19,6966.41
2021-04-13,6878.82,6923.63,6485.41,1605208746.05,6739.2
2021-04-14,6874.45,6911.71,6496.9,1370625064.76,6721.87
2021-04-15,6342.38,6471.84,6223.05,4682221928.49,6397.67
2021-04-16,6574.0,6775.54,6353.94,481598175.38,6568.53
2021-04-17,6718.79,6941.0,6489.11,1512350821.68,6571.93
2021-04-18,6436.97,6614.21,6135.9,2904432740.92,6366.14
2021-04-19,6384.49,6479.75,6246.14,1708162325.51,6377.54
2021-04-20,6511.15,6537.82,6139.63,1113356373.6,6354.53
2021-04-21,6526.48,6743.53,6359.36,2665157311.75,6482.36
2021-04-22,6823.25,7029.67,6561.3,2307851879.46,6802.39
2021-04-23,7261.1,7400.37,6886.21,1819217143.09,7081.21
2021-04-24,7369.9,7632.19,7115.93,3820311833.85,7232.33
2021-04-25,6876.74,7307.42,6662.84,4285507893.89,7076.84
2021-04-26,7153.05,7376.16,6902.79,659789079.47,7309.91
2021-04-27,7685.23,7709.12,7488.35,3789096831.54,7556.45
2021-04-28,7482.48,7726.85,7420.55,2572261170.6,7693.67
2021-04-29,7668.47,7804.45,7566.51,3775205854.56,7783.82
2021-04-30,7951.93,8244.59,7570.92,4506862587.1,7819.45
2021-05-01,7698.17,8158.96,7680.26,4744470109.37,7891.94
2021-05-02,7986.78,8112.14,7827.25,3645484906.42,8060.37
2021-05-03,7879.61,8260.53,7568.84,1092820398.3,8073.82
2021-05-04,8181.53,8429.78,8149.34,2690261180.19,8335.8
2021-05-05,8284.85,8599.49,8188.0,1838650497.97,8429.49
2021-05-06,8458.74,8607.5,8399.4,912434202.85,8413.62
2021-05-07,8145.74,8363.26,7856.68,4923217624.34,8287.82
2021-05-08,8257.16,8485.22,7971.76,3813745660.13,8447.94
2021-05-09,8141.53,8482.18,7853.55,1425221098.44,8372.3
2021-05-10,8164.77,8266.67,8108.16,2225339792.13,8115.89
2021-05-11,8126.98,8188.35,7661.18,4206880792.86,7957.32
2021-05-12,7891.0,8117.21,7631.96,4993629395.17,7902.54
2021-05-13,7780.5,8015.24,7495.74,725404132.68,7809.53
2021-05-14,7767.76,7998.95,7488.66,4627198674.55,7814.35
2021-05-15,8109.95,8219.8,7757.37,4953399979.97,7885.12
2021-05-16,7696.87,8139.13,7612.27,1399806478.07,7875.12
2021-05-17,7709.54,8062.83,7599.7,2007175289.3,7816.0
2021-05-18,7553.73,7747.21,7373.78,2427818967.71,7564.7
2021-05-19,7329.81,7581.61,7182.41,3145571438.02,7506.34
2021-05-20,7650.37,7853.02,7360.53,350461079.15,7821.85
2021-05-21,7540.04,7799.81,7284.5,3113614140.0,7593.51
2021-05-22,6963.76,7158.45,6894.57,3840184821.9,7136.61
2021-05-23,7238.11,7380.05,6956.69,1724642092.06,7168.4
2021-05-24,7204.53,7362.06,7038.97,167676630.72,7052.34
2021-05-25,6650.99,6782.02,6485.07,2303684631.73,6697.75
2021-05-26,6663.03,7007.81,6625.81,1522192412.35,6855.17
2021-05-27,6651.69,6995.54,6515.32,555816144.49,6800.84
2021-05-28,6680.02,6856.39,6527.4,2865329064.83,6610.6
2021-05-29,6292.43,6390.94,6162.77,4854645084.55,6289.9
2021-05-30,6380.9,6470.94,6330.81,1609209089.55,6336.44
2021-05-31,6512.88,6603.77,6317.96,144230214.87,6383.83
2021-06-01,6542.46,6631.76,6161.56,1732263707.44,6392.36
2021-06-02,6360.45,6423.44,6210.83,2966733017.29,6299.5
2021-06-03,6571.85,6589.07,6235.59,1694595342.78,6413.92
2021-06-04,6539.92,6781.68,6426.92,4508035127.61,6555.3
2021-06-05,6481.24,6756.27,6374.43,4928966259.73,6573.28
2021-06-06,6483.82,6693.46,6223.33,3378805363.68,6455.72
2021-06-07,6502.64,6699.35,6441.49,1704301729.88,6567.28
2021-06-08,6425.36,6578.35,6386.12,3937876547.4,6450.13
2021-06-09,6478.58,6617.44,6167.94,247181491.95,6348.92
2021-06-10,6402.77,6703.28,6170.21,4222492551.17,6509.84
2021-06-11,6347.73,6593.59,6110.9,4007916500.64,6505.93
2021-06-12,6509.13,6678.76,6217.07,4022592292.55,6395.67
2021-06-13,6386.84,6551.15,6182.48,2017481769.13,6412.65
2021-06-14,6387.45,6433.6,6041.22,3519624912.04,6288.06
2021-06-15,6300.13,6445.5,5971.83,4810964202.29,6165.94
2021-06-16,6318.98,6453.63,6062.51,3847904634.07,6157.48
2021-06-17,5961.12,6120.44,5872.12,2616125232.81,5984.92
2021-06-18,5804.91,6091.79,5642.44,2182590033.09,5929.26
2021-06-19,5927.18,6191.38,5705.37,1025754627.07,5992.38
2021-06-20,5804.88,5864.42,5662.67,2035271036.85,5754.45
2021-06-21,5757.91,5939.84,5584.16,4137871832.4,5894.59
2021-06-22,5688.69,5858.34,5469.56,805198857.94,5710.57
2021-06-23,5625.95,5810.85,5581.73,3296766856.07,5751.41
2021-06-24,6041.13,6158.53,5647.15,4299324174.55,5877.57
2021-06-25,5981.39,6282.16,5949.61,4503868676.02,6134.54
2021-06-26,6069.75,6091.68,5999.29,3623929921.28,6012.96
2021-06-27,5960.39,6119.04,5897.09,4665347882.52,6091.77
2021-06-28,5964.98,6187.25,5634.44,4423978663.01,5808.27
2021-06-29,5680.05,5798.97,5636.13,1653136695.72,5770.74
2021-06-30,5731.13,5785.22,5516.61,729946764.43,5646.98
2021-07-01,5467.36,5792.37,5344.78,1278986543.16,5576.04
2021-07-02,5398.21,5645.51,5250.62,2124668769.53,5439.1
2021-07-03,5413.65,5622.25,5329.11,4685491733.87,5354.94
2021-07-04,5317.13,5321.61,5209.62,3033015517.02,5216.55
2021-07-05,5483.49,5628.74,5360.69,3456505451.86,5373.4
2021-07-06,5414.48,5481.46,5388.44,1820646941.12,5397.41
2021-07-07,5399.77,5426.14,5272.26,4289659224.36,5300.47
2021-07-08,5045.69,5276.97,4895.44,460349135.27,5078.3
2021-07-09,5359.67,5410.15,5091.8,4452331171.55,5257.86
2021-07-10,5541.59,5711.55,5289.56,179069589.28,5418.23
2021-07-11,5438.75,5617.84,5309.07,2360745504.11,5321.74
2021-07-12,5170.32,5351.64,5067.05,4123760320.02,5103.75
2021-07-13,5293.33,5400.54,5095.41,3014558550.63,5231.03
2021-07-14,5299.17,5319.88,5098.24,3211546631.95,5314.07
2021-07-15,5153.66,5316.73,4937.02,2009302631.38,5113.73
2021-07-16,4910.67,5068.73,4815.67,4848626288.33,5036.93
2021-07-17,5056.44,5210.79,4927.73,3431909357.96,4958.08
2021-07-18,4980.4,5133.52,4833.11,3440459689.72,4986.87
2021-07-19,4977.11,5136.28,4724.94,2078337158.52,4881.4
2021-07-20,5117.99,5299.03,4830.33,4741064993.62,4984.96
2021-07-21,5349.25,5487.72,5138.9,4535155454.75,5216.82
2021-07-22,5366.41,5402.63,5175.34,2150227806.91,5302.38
2021-07-23,5212.01,5306.95,5080.24,4736745107.18,5288.11
2021-07-24,5422.78,5644.29,5304.28,3371314113.26,5443.96
2021-07-25,5461.72,5749.21,5284.88,4311064254.19,5589.67
2021-07-26,5610.79,5641.98,5578.55,3004413104.62,5612.75
2021-07-27,5662.86,5726.95,5428.44,2097471645.7,5499.46
2021-07-28,5366.22,5491.55,5284.16,4537567892.51,5434.64
2021-07-29,5433.29,5626.01,5315.53,61498008.89,5476.13
2021-07-30,5621.51,5775.95,5493.43,3545181301.63,5557.15
2021-07-31,5728.33,5787.04,5443.91,303174045.09,5648.32
2021-08-01,5734.01,5962.62,5583.34,4836377123.1,5596.92
2021-08-02,5719.25,5890.42,5468.66,1275747845.3,5685.74
2021-08-03,5562.24,5680.65,5555.13,2802206339.28,5597.6
2021-08-04,5543.12,5600.83,5406.97,4652331436.37,5516.47
2021-08-05,5508.24,5687.45,5319.15,593041860.26,5569.28
2021-08-06,5366.96,5546.1,5339.41,4175672148.71,5517.88
2021-08-07,5441.76,5706.97,5357.5,3810203955.5,5513.57
2021-08-08,5125.17,5263.95,5103.16,1584559168.12,5198.86
2021-08-09,5306.1,5604.41,5233.39,3993118714.43,5419.49
2021-08-10,5266.57,5443.81,5104.33,188952618.36,5411.64
2021-08-11,5377.46,5612.93,5361.8,213550625.62,5398.05
2021-08-12,5560.48,5767.83,5445.98,2470012864.55,5608.76
2021-08-13,5638.01,5789.86,5608.28,911468270.92,5768.27
2021-08-14,5419.55,5642.13,5261.91,4455563665.99,5529.6
2021-08-15,5524.53,5640.77,5280.27,2087930767.04,5372.51
2021-08-16,5147.27,5443.65,5080.74,4437964813.11,5281.36
2021-08-17,5537.76,5625.07,5388.61,4756587051.89,5478.38
2021-08-18,5623.47,5658.06,5309.41,4155189135.61,5512.02
2021-08-19,5578.73,5711.33,5214.46,4849154863.87,5430.41
2021-08-20,5354.24,5557.89,5161.29,3660410634.5,5304.53
2021-08-21,5293.64,5338.39,5071.16,3221783707.31,5271.76
2021-08-22,4889.82,4953.23,4708.06,4759981941.32,4942.25
2021-08-23,4756.93,5037.89,4731.34,455049655.31,4850.64
2021-08-24,5037.91,5070.74,4890.09,1431830086.11,4933.61
2021-08-25,4824.12,5033.42,4714.59,4033702447.63,4936.5
2021-08-26,4702.51,4887.03,4539.1,3330946278.12,4756.7
2021-08-27,4823.99,4997.95,4722.97,2819654813.9,4827.0
2021-08-28,4679.42,4843.37,4644.04,3073200239.39,4701.12
2021-08-29,4461.24,4650.45,4365.5,1128908759.52,4587.74
2021-08-30,4688.17,4717.25,4542.76,3151502310.85,4636.36
2021-08-31,4524.37,4706.24,4429.83,751546627.89,4541.44
2021-09-01,4425.81,4690.4,4397.76,2620229364.52,4526.91
2021-09-02,4402.17,4525.08,4245.03,2130318470.83,4516.93
2021-09-03,4440.09,4671.11,4363.45,1274367852.02,4550.82
2021-09-04,4550.32,4571.06,4487.8,905965457.36,4549.38
2021-09-05,4508.7,4668.58,4343.37,4385009182.21,4596.34
2021-09-06,4538.97,4673.28,4470.67,1332721204.78,4551.26
2021-09-07,4827.38,4995.64,4543.21,933586080.23,4695.88
2021-09-08,4797.54,4817.94,4605.5,39176877.22,4692.9
2021-09-09,4428.96,4564.37,4336.33,3462113087.63,4533.23
2021-09-10,4762.09,4854.8,4660.92,4869870241.94,4733.15
2021-09-11,4469.76,4628.91,4414.38,1981036215.91,4507.42
2021-09-12,4357.58,4508.59,4186.04,4852896614.66,4488.5
2021-09-13,4641.23,4680.07,4479.5,3252201731.92,4543.36
2021-09-14,4473.35,4507.51,4273.89,2322493521.64,4396.84
2021-09-15,4450.41,4461.26,4301.96,770586977.2,4457.37
2021-09-16,4365.62,4523.5,4293.19,1014678715.92,4373.1
2021-09-17,4120.86,4258.3,3947.97,49292662.09,4103.76
2021-09-18,4107.96,4247.41,3951.09,2983239357.38,3993.08
2021-09-19,3890.45,3935.69,3798.31,2435643793.51,3877.81
2021-09-20,3806.09,3930.43,3688.59,3574308740.59,3765.72
2021-09-21,3701.92,3764.41,3594.51,326917739.04,3695.64
2021-09-22,3764.67,3845.33,3755.48,1740352925.71,3770.71
2021-09-23,3753.61,3756.73,3604.0,969084474.53,3709.65
2021-09-24,3610.41,3805.7,3514.97,3014479662.69,3672.17
2021-09-25,3804.21,3904.18,3598.07,1474036269.47,3727.62
2021-09-26,3744.22,3845.03,3631.88,3981903591.88,3670.85
2021-09-27,3506.96,3625.43,3392.89,1419461504.2,3445.0
2021-09-28,3367.75,3471.88,3314.64,513509590.62,3444.4
2021-09-29,3299.97,3448.53,3208.06,1055070377.35,3316.69
2021-09-30,3408.01,3456.69,3219.73,4141463955.18,3331.87
2021-10-01,3415.47,3419.84,3211.54,2158796108.13,3336.51
2021-10-02,3250.51,3339.32,3164.74,1782652473.15,3305.23
2021-10-03,3187.88,3392.06,3094.47,764380085.23,3277.01
2021-10-04,3273.74,3366.25,3231.28,2194755265.24,3240.79
2021-10-05,3141.98,3256.13,3030.25,538400378.38,3150.09
2021-10-06,3126.19,3229.18,2927.8,536001307.92,3044.46
2021-10-07,2982.47,3086.36,2948.86,793592411.31,2959.4
2021-10-08,2939.55,3025.68,2832.64,3238993924.97,2938.51
2021-10-09,2985.12,3031.66,2967.04,2201151219.97,3015.04
2021-10-10,2859.29,2997.64,2783.95,2530063413.86,2903.66
2021-10-11,2892.59,3010.61,2864.23,1809610598.09,2966.42
2021-10-12,2989.56,3039.99,2853.85,4010825706.42,2944.77
2021-10-13,2893.32,2956.05,2830.68,4263428492.29,2908.43
2021-10-14,2844.89,2944.54,2732.23,4033171859.69,2927.49
2021-10-15,2936.99,2946.95,2782.43,4909905172.69,2860.84
2021-10-16,2918.59,2995.67,2832.68,4513530546.55,2873.9
2021-10-17,2819.04,2969.03,2786.72,3305204542.58,2895.87
2021-10-18,2819.04,2912.95,2768.71,1528571884.64,2835.72
2021-10-19,2869.55,2973.91,2716.12,1406105916.37,2828.36
2021-10-20,2703.79,2752.04,2586.74,2726682202.11,2671.68
2021-10-21,2691.34,2761.53,2613.56,4439497733.57,2645.57
2021-10-22,2610.55,2690.91,2509.99,1679119694.43,2658.84
2021-10-23,2627.5,2705.28,2501.85,4959700608.02,2592.48
2021-10-24,2594.47,2648.57,2561.3,808536427.74,2586.43
2021-10-25,2540.27,2697.63,2498.87,1214285497.91,2614.33
2021-10-26,2707.09,2719.05,2531.34,1871164551.5,2630.24
2021-10-27,2544.82,2580.9,2429.37,3258302472.66,2525.57
2021-10-28,2599.61,2646.73,2561.44,4028883934.92,2563.19
2021-10-29,2677.56,2738.14,2590.25,3142444315.56,2601.24
2021-10-30,2493.06,2544.28,2471.59,3577123796.33,2515.65
2021-10-31,2523.92,2596.04,2450.08,1245690323.23,2498.07
2021-11-01,2506.94,2543.16,2370.57,3561085699.53,2459.3
2021-11-02,2580.9,2589.36,2436.07,4443661391.28,2531.02
2021-11-03,2443.68,2514.84,2403.43,2599535547.1,2463.0
2021-11-04,2457.34,2499.03,2408.07,2122876753.01,2472.95
2021-11-05,2338.52,2431.08,2322.04,730287444.92,2339.98
2021-11-06,2336.26,2457.7,2254.9,3525578177.13,2389.72
2021-11-07,2367.74,2454.9,2343.74,4720907109.67,2409.28
2021-11-08,2367.71,2477.28,2329.98,2049013097.14,2386.42
2021-11-09,2375.39,2457.75,2315.67,4955190304.58,2442.77
2021-11-10,2468.05,2546.08,2447.44,719277630.61,2497.53
2021-11-11,2539.54,2629.85,2403.02,4097434095.45,2480.86
2021-11-12,2468.74,2482.49,2404.42,4353428414.34,2470.4
2021-11-13,2409.86,2496.64,2379.39,2381385466.71,2400.39
2021-11-14,2471.35,2531.23,2415.92,2528771667.75,2439.15
2021-11-15,2367.22,2456.76,2303.33,4001059989.76,2374.48
2021-11-16,2413.84,2453.39,2316.9,1983031674.71,2390.25
2021-11-17,2297.23,2364.86,2212.91,4331108330.91,2244.7
2021-11-18,2236.16,2287.32,2190.69,3539920256.74,2208.7
2021-11-19,2190.14,2207.0,2149.09,2888509360.03,2182.37
2021-11-20,2113.61,2221.42,2045.08,2384420103.86,2171.88
2021-11-21,2251.21,2267.39,2107.71,3935917659.68,2193.79
2021-11-22,2143.76,2238.48,2134.13,2226705051.98,2177.03
2021-11-23,2190.09,2207.03,2178.0,126083609.29,2203.07
2021-11-24,2124.51,2167.97,2112.58,1593738352.48,2132.57
2021-11-25,2080.15,2145.72,2008.92,1285217081.34,2131.38
2021-11-26,2104.53,2184.13,2054.63,854263329.46,2157.65
2021-11-27,2061.46,2126.62,2011.16,1607006904.56,2121.66
2021-11-28,2079.72,2117.77,2027.77,4140429579.31,2090.66
2021-11-29,2148.16,2198.51,2073.23,3764425993.47,2116.14
2021-11-30,2125.9,2150.52,2046.02,2329469430.89,2140.67
2021-12-01,2077.69,2108.82,2068.23,1353107094.5,2089.29
2021-12-02,2181.44,2240.35,2058.43,2777990175.79,2122.42
2021-12-03,2120.41,2139.5,2089.52,1025249965.17,2132.35
2021-12-04,2146.63,2178.69,2086.79,3912298076.7,2088.01
2021-12-05,2084.96,2122.63,1953.41,2328613748.07,2034.72
2021-12-06,2062.21,2086.07,2019.98,12709229.22,2022.24
2021-12-07,2087.44,2157.54,2023.8,1763575422.34,2075.26
2021-12-08,2067.37,2115.76,2010.93,236968804.27,2051.1
2021-12-09,2022.14,2078.98,1951.2,706854838.79,2046.62
2021-12-10,1987.64,2009.86,1935.92,3056122094.24,1980.93
2021-12-11,2044.84,2072.87,1962.98,3765943065.52,2022.74
2021-12-12,2005.33,2030.82,2003.97,1714732725.7,2011.04
2021-12-13,1888.68,1999.01,1861.97,20217092.32,1945.18
2021-12-14,1958.86,2032.36,1933.22,2071683533.66,1961.62
2021-12-15,2053.95,2098.16,2004.9,3248995407.82,2022.11
2021-12-16,1923.88,1976.36,1910.95,3361349260.0,1973.91
2021-12-17,1988.94,2054.77,1902.16,894161318.22,1952.3
2021-12-18,1942.82,1996.99,1836.24,2318835733.3,1912.08
2021-12-19,1927.07,1961.37,1871.66,4607779461.44,1959.82
2021-12-20,1922.56,1946.08,1892.83,1522860877.1,1939.1
2021-12-21,1931.27,1960.04,1875.7,4523492874.68,1931.98
2021-12-22,1920.98,1937.04,1836.4,4107406118.56,1897.41
2021-12-23,1828.87,1865.01,1788.66,3302593721.72,1821.31
2021-12-24,1884.58,1936.02,1844.53,336149518.75,1877.18
2021-12-25,1861.86,1932.17,1804.36,2620168998.0,1889.1
2021-12-26,1933.8,1948.64,1877.1,4959837254.58,1901.6
2021-12-27,1853.14,1923.17,1812.67,4690072940.82,1881.03
2021-12-28,1842.14,1911.63,1757.41,4694409053.41,1826.69
2021-12-29,1667.98,1736.91,1632.39,1813744497.08,1690.91
2021-12-30,1774.77,1837.51,1693.4,1396885823.26,1747.61
2021-12-31,1655.16,1719.09,1594.37,2863379888.39,1705.81
2022-01-01,1679.0,1779.2,1677.53,2124863081.79,1728.22
2022-01-02,1722.09,1779.32,1696.33,492663225.9,1757.47
2022-01-03,1770.37,1829.79,1741.51,3135222570.64,1772.5
2022-01-04,1714.19,1772.23,1668.99,281619972.29,1755.5
2022-01-05,1766.44,1840.93,1762.45,3880989864.2,1784.25
2022-01-06,1741.85,1782.18,1665.61,312827857.02,1728.85
2022-01-07,1631.7,1699.74,1621.76,334490811.79,1678.71
2022-01-08,1738.11,1765.22,1712.12,338293392.94,1744.19
2022-01-09,1833.76,1874.78,1763.26,1913462865.39,1814.43
2022-01-10,1846.8,1921.87,1821.66,62926662.58,1876.85
2022-01-11,1907.85,1982.34,1898.69,3099960465.77,1921.23
2022-01-12,1892.43,1926.8,1810.84,970481773.98,1860.84
2022-01-13,1906.93,2000.01,1835.81,3949187954.48,1953.5
2022-01-14,1991.89,2012.31,1929.86,3625868952.33,1975.61
2022-01-15,2029.3,2055.86,2012.82,311851002.48,2036.06
2022-01-16,2071.08,2133.57,1959.95,4427257331.09,2015.48
2022-01-17,2099.54,2111.92,2008.28,1721072574.87,2065.4
2022-01-18,2071.62,2127.83,1983.22,2540468258.54,2060.93
2022-01-19,2107.29,2179.67,2017.99,985081576.95,2065.75
2022-01-20,2136.35,2165.54,2072.49,3476960068.14,2100.4
2022-01-21,2273.59,2328.14,2150.58,2896269636.94,2209.7
2022-01-22,2272.95,2298.92,2223.34,3948065020.77,2284.09
2022-01-23,2203.68,2285.8,2115.86,1122895192.65,2265.92
2022-01-24,2240.08,2342.58,2235.83,1664260396.87,2275.71
2022-01-25,2388.59,2408.2,2277.84,4949491437.48,2354.67
2022-01-26,2273.69,2350.45,2209.17,980073187.88,2339.67
2022-01-27,2369.17,2441.71,2266.91,158131010.63,2357.05
2022-01-28,2423.56,2493.25,2306.23,2776979726.24,2368.79
2022-01-29,2357.11,2405.54,2342.3,4554138261.49,2403.47
2022-01-30,2474.96,2571.6,2386.95,4681209379.8,2493.07
2022-01-31,2476.1,2529.47,2457.23,3307934488.92,2505.41
2022-02-01,2745.53,2842.35,2652.95,336233821.89,2665.92
2022-02-02,2544.27,2695.84,2523.4,966489647.83,2599.73
2022-02-03,2569.61,2670.02,2477.16,240514009.88,2554.35
2022-02-04,2615.27,2635.05,2548.93,3950043069.06,2597.19
2022-02-05,2633.0,2724.93,2571.75,4842237694.45,2587.11
2022-02-06,2666.34,2688.66,2510.26,2358629795.07,2606.01
2022-02-07,2595.01,2673.0,2556.85,2550701000.97,2593.67
2022-02-08,2573.13,2621.13,2503.33,1875654819.47,2573.35
2022-02-09,2537.7,2565.74,2476.89,4606714266.2,2538.49
2022-02-10,2456.21,2459.81,2367.6,1022972478.61,2443.9
2022-02-11,2455.02,2572.23,2412.93,4678139545.87,2483.93
2022-02-12,2418.29,2490.36,2334.55,429300465.3,2436.7
2022-02-13,2395.41,2439.99,2347.28,2136250694.48,2383.4
2022-02-14,2397.68,2441.65,2378.93,1591931924.47,2402.35
2022-02-15,2336.5,2435.72,2276.6,421268370.0,2374.43
2022-02-16,2448.91,2499.14,2365.38,3931507746.72,2399.58
2022-02-17,2361.69,2427.75,2286.15,991265151.12,2424.04
2022-02-18,2387.05,2440.97,2369.44,3420861255.74,2411.76
2022-02-19,2468.96,2567.56,2373.58,3701706819.61,2397.33
2022-02-20,2551.56,2552.43,2420.18,4113321190.7,2489.95
2022-02-21,2488.88,2561.1,2454.57,2365299929.04,2503.04
2022-02-22,2442.62,2516.99,2357.71,1993551372.41,2440.77
2022-02-23,2451.66,2506.09,2430.67,3790530283.22,2455.43
2022-02-24,2590.57,2638.38,2535.16,1572243419.14,2556.44
2022-02-25,2629.02,2651.06,2541.0,2796649618.45,2598.16
2022-02-26,2680.85,2763.56,2587.38,4717336465.88,2701.16
2022-02-27,2880.72,2919.88,2758.46,3431956401.36,2824.08
2022-02-28,2815.49,2920.11,2763.41,1637136777.48,2831.91
2022-03-01,3029.63,3048.25,2949.19,1657950135.81,2954.79
2022-03-02,2996.81,3069.09,2926.99,4336054330.17,2973.64
2022-03-03,3003.66,3088.14,2906.14,552105396.92,3023.5
2022-03-04,3029.73,3084.45,3004.45,475275117.94,3017.15
2022-03-05,3006.18,3178.27,2944.69,941593605.08,3093.03
2022-03-06,3071.39,3274.27,2983.4,1172866735.7,3152.83
2022-03-07,3053.38,3201.73,2952.23,4299939663.41,3136.67
2022-03-08,3094.85,3131.04,2984.77,2686900565.91,3111.49
2022-03-09,3166.57,3276.22,2975.13,1036328254.83,3082.4
2022-03-10,3073.81,3173.98,3009.23,3022510148.96,3086.37
2022-03-11,3182.11,3269.28,3089.42,47142110.73,3181.64
2022-03-12,3074.78,3150.19,3000.9,4039753504.11,3142.15
2022-03-13,3039.53,3095.49,2921.52,3689080647.34,2971.91
2022-03-14,2908.04,3049.32,2844.79,3504579533.23,2945.52
2022-03-15,2950.63,3046.23,2834.05,1253182739.66,2930.75
2022-03-16,2939.86,3026.09,2808.7,4555057146.32,2870.97
2022-03-17,2890.18,3018.79,2802.29,4353992563.55,2908.76
2022-03-18,2954.28,3070.18,2870.6,4582318704.52,2994.93
2022-03-19,2906.34,3014.85,2905.45,2768591234.2,2956.49
2022-03-20,2928.94,2937.91,2742.6,3835030010.64,2844.41
2022-03-21,2766.95,2865.47,2707.43,375245505.18,2808.62
2022-03-22,2910.47,2997.75,2805.69,3732327611.39,2876.9
2022-03-23,2835.73,2934.89,2826.33,1642280709.26,2921.49
2022-03-24,2906.42,2962.78,2756.96,2746658416.38,2863.7
2022-03-25,2810.18,2966.43,2792.37,861239587.25,2872.18
2022-03-26,2959.61,3060.0,2876.05,2677922627.03,3047.74
2022-03-27,3071.87,3155.1,2921.65,1796854078.38,3024.04
2022-03-28,2991.55,3047.48,2952.67,1088670832.86,3043.29
2022-03-29,3051.72,3129.97,2961.75,4486079301.78,2995.73
2022-03-30,2842.33,2896.39,2734.6,33282006.4,2861.11
2022-03-31,2952.3,2996.54,2790.58,466018286.12,2878.24
2022-04-01,2743.66,2865.7,2670.92,968837580.63,2756.62
2022-04-02,2795.58,2884.7,2714.36,847735608.39,2732.9
2022-04-03,2637.03,2735.53,2542.91,1642435916.14,2690.79
2022-04-04,2603.87,2707.88,2597.51,612811767.38,2650.45
2022-04-05,2588.88,2671.69,2503.31,2016676053.88,2634.12
2022-04-06,2601.23,2614.57,2581.99,3253225527.65,2607.68
2022-04-07,2645.92,2674.07,2563.22,1514655900.75,2666.89
2022-04-08,2451.99,2565.88,2451.06,4253820518.26,2512.01
2022-04-09,2360.13,2499.95,2322.35,4907265315.34,2407.59
2022-04-10,2444.99,2512.83,2314.08,3180413723.89,2377.6
2022-04-11,2346.0,2375.84,2279.56,2415830591.15,2293.17
2022-04-12,2264.66,2299.29,2220.77,1169803132.13,2253.16
2022-04-13,2331.71,2423.89,2248.34,3085579886.19,2319.54
2022-04-14,2392.94,2465.42,2323.38,309015852.63,2359.26
2022-04-15,2311.11,2356.27,2232.68,1029882797.18,2328.64
2022-04-16,2471.34,2564.84,2431.25,1650162360.82,2456.88
2022-04-17,2456.58,2553.82,2433.05,2609155569.38,2489.73
2022-04-18,2546.06,2581.23,2530.47,1663038660.29,2578.79
2022-04-19,2526.02,2621.05,2516.59,3328380035.25,2565.7
2022-04-20,2600.52,2663.78,2503.22,1614968585.49,2566.72
2022-04-21,2655.35,2665.21,2641.53,359224750.69,2664.56
2022-04-22,2639.96,2720.02,2544.05,2967226949.55,2697.99
2022-04-23,2842.88,2948.84,2702.33,400040922.89,2787.48
2022-04-24,2815.01,2842.59,2686.54,1252357458.19,2778.06
2022-04-25,2683.78,2767.55,2644.66,1366585315.94,2718.8
2022-04-26,2801.46,2846.09,2633.53,2212466593.53,2724.22
2022-04-27,2697.8,2777.1,2671.08,4099823001.32,2696.94
2022-04-28,2681.37,2792.84,2655.51,4608447170.24,2700.59
2022-04-29,2702.93,2719.45,2658.2,1293885693.54,2687.58
2022-04-30,2596.03,2679.03,2499.66,691915182.82,2615.63
2022-05-01,2627.05,2648.19,2541.9,74043018.52,2631.91
2022-05-02,2524.83,2619.66,2518.8,4852758257.27,2526.13
2022-05-03,2506.46,2575.14,2470.47,2945661937.11,2525.68
2022-05-04,2574.26,2613.89,2467.13,979198719.69,2510.75
2022-05-05,2510.7,2546.06,2501.97,3614004014.43,2520.33
2022-05-06,2475.17,2544.12,2413.31,4633328594.09,2447.49
2022-05-07,2477.76,2501.78,2348.86,4067500787.18,2443.21
2022-05-08,2409.01,2471.2,2310.46,2282799143.21,2380.81
2022-05-09,2340.41,2364.22,2278.42,4759373444.74,2315.26
2022-05-10,2357.94,2418.72,2312.51,1994357938.34,2320.22
2022-05-11,2324.51,2408.28,2268.01,952228027.44,2312.55
2022-05-12,2183.4,2243.06,2180.58,3295845439.17,2216.26
2022-05-13,2248.87,2292.69,2195.94,4383238346.15,2264.79
2022-05-14,2279.85,2350.68,2202.07,722140273.69,2261.37
2022-05-15,2270.61,2355.08,2183.35,1547420710.56,2237.22
2022-05-16,2269.88,2346.39,2242.31,2629560323.88,2339.86
2022-05-17,2352.7,2421.68,2253.75,1879510429.73,2331.09
2022-05-18,2275.79,2408.09,2225.79,4073708570.16,2320.06
2022-05-19,2240.06,2288.51,2166.83,3798231777.9,2283.13
2022-05-20,2263.44,2332.96,2229.44,4343126339.66,2275.9
2022-05-21,2350.35,2426.51,2291.85,1391043392.28,2398.39
2022-05-22,2351.72,2418.21,2267.13,314671769.8,2354.84
2022-05-23,2456.82,2457.53,2379.83,4938217982.12,2420.25
2022-05-24,2407.26,2540.43,2406.0,3809206211.47,2480.6
2022-05-25,2589.13,2638.14,2456.77,2152973570.45,2523.69
2022-05-26,2505.34,2587.19,2426.7,3328740643.77,2432.44
2022-05-27,2506.76,2530.96,2442.19,1657973715.76,2525.18
2022-05-28,2612.29,2688.06,2570.0,702926506.16,2581.57
2022-05-29,2639.59,2731.35,2547.94,3499330460.65,2623.55
2022-05-30,2667.35,2737.65,2592.94,2071501698.01,2648.54
2022-05-31,2541.79,2692.47,2537.48,4064969048.41,2590.29
2022-06-01,2578.9,2736.8,2509.33,2227087734.75,2651.16
2022-06-02,2674.72,2717.53,2616.51,416032463.97,2657.69
2022-06-03,2584.49,2686.51,2504.96,4526961782.58,2519.36
2022-06-04,2619.49,2650.28,2500.01,724375609.98,2583.18
2022-06-05,2553.24,2604.78,2412.52,3986135594.51,2499.72
2022-06-06,2459.82,2556.52,2415.42,4375181026.9,2489.49
2022-06-07,2464.64,2589.69,2389.81,1066087697.67,2522.82
2022-06-08,2621.74,2690.93,2488.44,2180118100.32,2582.5
2022-06-09,2640.62,2735.96,2550.29,1109676414.49,2574.36
2022-06-10,2500.3,2585.54,2490.05,624259569.65,2537.2
2022-06-11,2623.81,2633.3,2556.88,4360983628.98,2588.8
2022-06-12,2717.71,2801.02,2606.77,3223492837.64,2649.09
2022-06-13,2610.14,2649.99,2536.85,2813880724.99,2573.7
2022-06-14,2701.63,2789.0,2562.96,587292926.7,2645.11
2022-06-15,2707.99,2809.51,2642.19,589370057.05,2669.46
2022-06-16,2663.25,2776.19,2658.36,2888815040.05,2684.56
2022-06-17,2714.33,2806.3,2706.36,1605018515.73,2708.54
2022-06-18,2686.86,2782.4,2665.0,2603559397.92,2708.8
2022-06-19,2653.48,2727.75,2596.23,732056925.09,2670.25
2022-06-20,2712.26,2803.09,2589.2,2284364807.42,2642.05
2022-06-21,2638.16,2722.72,2581.21,2998412738.27,2612.25
2022-06-22,2560.72,2693.04,2470.93,4984274536.15,2590.42
2022-06-23,2621.18,2673.08,2540.07,1889776049.65,2570.49
2022-06-24,2572.07,2606.35,2482.69,1060959297.58,2499.9
2022-06-25,2517.42,2522.71,2474.12,903310959.6,2487.51
2022-06-26,2372.99,2411.99,2371.51,3299659051.39,2374.77
2022-06-27,2487.72,2521.29,2448.62,4951668356.87,2480.58
2022-06-28,2361.39,2398.33,2281.52,1422368951.21,2325.44
2022-06-29,2362.21,2399.42,2232.37,3763809735.02,2312.77
2022-06-30,2287.8,2361.48,2263.15,3550841782.52,2276.82
2022-07-01,2195.19,2306.46,2132.95,732666182.12,2243.99
2022-07-02,2214.74,2320.28,2191.29,55571247.92,2252.84
2022-07-03,2265.72,2355.31,2165.31,4752486790.6,2241.74
2022-07-04,2159.71,2242.22,2153.31,489278182.2,2169.19
2022-07-05,2143.72,2289.25,2113.71,2971028027.42,2202.87
2022-07-06,2259.19,2315.85,2144.88,179624210.84,2197.27
2022-07-07,2225.74,2310.73,2170.35,1883104487.3,2200.92
2022-07-08,2290.6,2363.47,2233.61,3890876747.47,2264.54
2022-07-09,2287.5,2379.36,2229.61,608801924.23,2318.77
2022-07-10,2199.21,2299.84,2170.08,2553645003.98,2255.7
2022-07-11,2338.65,2364.25,2304.78,3973775134.67,2328.5
2022-07-12,2294.69,2384.76,2262.06,2173945828.52,2339.45
2022-07-13,2254.69,2399.51,2236.22,932600344.36,2315.33
2022-07-14,2347.08,2348.94,2262.93,2686719780.93,2303.84
2022-07-15,2331.89,2386.43,2302.57,3952437785.51,2329.24
2022-07-16,2215.76,2335.17,2212.72,4489035468.22,2266.89
2022-07-17,2255.08,2350.25,2237.08,623996063.06,2299.23
2022-07-18,2316.91,2389.24,2239.18,2816856085.74,2369.69
2022-07-19,2447.61,2497.16,2318.53,2726691479.88,2379.1
2022-07-20,2355.42,2455.81,2261.21,1509993888.81,2366.34
2022-07-21,2475.21,2540.47,2379.87,2889586631.34,2433.91
2022-07-22,2437.69,2488.65,2408.14,1767064457.42,2409.49
2022-07-23,2312.32,2447.02,2241.76,948487518.78,2369.33
2022-07-24,2331.31,2438.25,2327.34,3014700491.17,2359.66
2022-07-25,2318.58,2430.48,2232.74,1282287181.7,2371.45
2022-07-26,2408.89,2513.79,2351.08,425437839.88,2426.1
2022-07-27,2452.72,2505.29,2334.29,3666047744.63,2424.42
2022-07-28,2562.15,2633.56,2407.84,1866989874.93,2488.2
2022-07-29,2440.06,2481.02,2342.68,4962320467.32,2424.79
2022-07-30,2321.67,2333.37,2284.86,396847738.91,2330.95
2022-07-31,2357.71,2363.93,2317.05,1820469228.6,2350.89
2022-08-01,2347.22,2396.82,2334.91,1136569688.96,2370.91
2022-08-02,2496.78,2534.59,2341.53,4628922942.85,2428.47
2022-08-03,2384.81,2502.99,2318.66,4108502813.17,2432.13
2022-08-04,2386.04,2468.63,2315.39,3041260052.06,2357.68
2022-08-05,2418.61,2435.13,2357.34,1953921021.01,2362.4
2022-08-06,2372.52,2422.98,2270.3,4249653780.38,2307.72
2022-08-07,2382.82,2398.3,2288.41,2572691440.65,2386.13
2022-08-08,2386.0,2474.18,2295.61,3629842171.14,2403.48
2022-08-09,2498.53,2569.24,2356.4,3047427922.84,2429.36
2022-08-10,2489.58,2569.09,2370.84,1386356642.2,2419.01
2022-08-11,2371.63,2471.67,2360.38,4071976020.27,2381.95
2022-08-12,2404.85,2443.95,2277.59,459801560.62,2341.97
2022-08-13,2388.92,2522.31,2383.65,833914496.53,2450.75
2022-08-14,2553.58,2603.92,2532.52,4811209993.31,2545.31
2022-08-15,2570.57,2634.9,2542.89,2403483178.12,2582.35
2022-08-16,2411.04,2478.34,2300.14,3085270169.0,2356.17
2022-08-17,2394.26,2465.69,2309.93,3515932651.73,2336.65
2022-08-18,2370.06,2460.21,2320.05,4402856160.22,2336.56
2022-08-19,2296.71,2352.68,2256.84,4823590444.93,2292.85
2022-08-20,2241.89,2262.08,2155.91,4198650586.2,2238.74
2022-08-21,2137.56,2219.0,2086.49,1901682881.64,2135.81
2022-08-22,2170.11,2191.79,2078.46,3834405416.48,2117.5
2022-08-23,2087.07,2161.61,2028.1,1073199063.7,2136.05
2022-08-24,2094.72,2156.82,2089.12,3218438440.95,2130.84
2022-08-25,2102.24,2105.22,2017.65,3092565970.59,2061.94
2022-08-26,2027.69,2054.34,1961.69,35720511.49,2013.73
2022-08-27,2064.44,2079.81,1965.13,515675516.2,2017.21
2022-08-28,1997.73,2010.01,1926.06,2442186652.08,1996.01
2022-08-29,1955.8,2049.51,1895.25,1982840541.88,1997.06
2022-08-30,1943.2,2045.28,1873.92,2198474623.97,1980.97
2022-08-31,2072.21,2085.62,1978.36,2175461171.93,2030.85
2022-09-01,1930.23,1980.7,1856.13,1978784566.38,1965.8
2022-09-02,2072.56,2147.26,1974.06,1002969701.46,2042.67
2022-09-03,1940.1,2000.9,1905.19,4001102226.54,1967.76
2022-09-04,2002.62,2028.65,1958.56,4410014989.04,1977.2
2022-09-05,1903.5,1933.11,1798.69,548319129.02,1865.11
2022-09-06,1810.33,1875.47,1774.12,3839250907.71,1863.88
2022-09-07,1852.11,1942.85,1832.66,2177299289.53,1869.82
2022-09-08,1915.46,1977.68,1897.15,1246259023.04,1939.97
2022-09-09,1943.68,2033.86,1933.12,4971342731.62,1973.34
2022-09-10,1990.99,2087.99,1927.15,3535239885.94,2021.64
2022-09-11,2050.82,2065.68,2049.92,2960069032.89,2050.53
2022-09-12,1992.39,2010.67,1907.84,201448493.43,1976.44
2022-09-13,2080.67,2141.45,2005.01,264267273.6,2089.91
2022-09-14,2071.08,2108.2,2040.7,1164823967.64,2082.67
2022-09-15,2053.23,2106.11,1994.91,1353537985.04,2052.01
2022-09-16,2074.55,2131.75,2026.26,1606006015.74,2102.23
2022-09-17,2059.86,2179.8,1994.93,2365570239.26,2116.74
2022-09-18,2173.23,2181.99,2052.08,4742157646.95,2121.24
2022-09-19,2041.08,2092.81,2004.48,4311251607.91,2091.67
2022-09-20,2103.82,2188.37,2050.08,3896253454.75,2125.35
2022-09-21,2093.68,2111.27,2023.85,4437097061.06,2074.97
2022-09-22,2020.15,2127.32,1949.07,2936941665.87,2065.95
2022-09-23,2090.5,2190.1,2084.27,383649209.81,2130.06
2022-09-24,2095.21,2123.95,2066.42,4948326629.16,2089.37
2022-09-25,2056.29,2130.37,2019.32,1270102282.9,2114.16
2022-09-26,2244.43,2321.05,2186.59,4875879524.97,2194.77
2022-09-27,2271.29,2354.04,2158.44,2100830763.83,2242.05
2022-09-28,2261.6,2307.18,2118.29,2999776774.78,2204.54
2022-09-29,2135.16,2244.74,2117.6,3472078637.47,2195.03
2022-09-30,2199.11,2234.07,2140.46,4352576042.65,2167.8
2022-10-01,2232.97,2267.28,2180.46,2010236307.61,2199.88
2022-10-02,2163.91,2210.15,2091.21,1096860532.94,2193.99
2022-10-03,2194.56,2234.54,2131.73,2630115279.94,2156.95
2022-10-04,2028.03,2070.33,2004.37,2765233095.4,2052.24
2022-10-05,2027.35,2062.92,1958.27,4419176336.42,2059.7
2022-10-06,2126.69,2149.7,2056.17,3215641490.22,2073.54
2022-10-07,2078.45,2078.56,2020.0,3029746083.63,2074.14
2022-10-08,2153.65,2177.93,2128.28,2750882611.26,2170.7
2022-10-09,2175.45,2203.7,2079.51,4081451558.71,2161.0
2022-10-10,2147.44,2166.27,2103.57,891908843.35,2106.5
2022-10-11,2233.21,2302.72,2151.79,541149235.34,2170.85
2022-10-12,2190.72,2224.2,2129.0,4351428684.33,2158.89
2022-10-13,2153.68,2172.69,2051.69,2912502359.54,2113.51
2022-10-14,2101.65,2164.95,1993.86,1166298481.76,2063.55
2022-10-15,2105.82,2113.71,1988.89,933289832.99,2056.21
2022-10-16,2051.1,2066.59,1966.54,3650105161.3,2007.45
2022-10-17,1960.77,2015.47,1913.25,3043032163.66,2001.24
2022-10-18,1941.5,1998.73,1882.89,4546563964.03,1992.99
2022-10-19,2018.73,2077.41,2000.01,3020434647.26,2015.49
2022-10-20,1996.47,2012.87,1982.62,3819594322.77,2011.21
2022-10-21,1971.72,2008.65,1904.1,3140648038.85,2001.95
2022-10-22,1932.06,2067.08,1928.78,540631333.56,1990.15
2022-10-23,2010.94,2027.21,1944.94,2818627660.0,1986.22
2022-10-24,1934.77,1953.92,1883.05,781021484.93,1941.26
2022-10-25,2026.58,2036.56,1997.11,523048405.56,2011.2
2022-10-26,2012.88,2079.43,1999.72,717756782.0,2037.74
2022-10-27,2038.35,2059.37,2010.25,1137163117.45,2047.3
2022-10-28,2087.8,2119.93,2031.93,4115696501.95,2041.38
2022-10-29,2016.75,2073.46,2013.18,1792966441.14,2065.05
2022-10-30,2099.95,2109.89,2079.08,4600169280.57,2085.48
2022-10-31,2100.38,2187.2,2066.74,3400372225.43,2141.75
2022-11-01,2053.25,2153.24,1995.88,4089637099.52,2097.26
2022-11-02,2135.05,2191.56,2077.43,4055489880.11,2083.03
2022-11-03,2129.57,2136.07,2018.97,4666143792.35,2102.91
2022-11-04,2125.4,2182.14,2101.71,3929875009.07,2148.57
2022-11-05,2208.78,2217.6,2171.49,4798330719.07,2211.65
2022-11-06,2272.89,2289.43,2153.06,1603385741.76,2207.36
2022-11-07,2220.81,2292.89,2168.75,3969572936.42,2231.01
2022-11-08,2200.88,2222.53,2130.03,2490540449.09,2180.74
2022-11-09,2270.28,2318.63,2249.5,1929289994.67,2265.69
2022-11-10,2224.24,2285.95,2191.61,3518435633.52,2213.9
2022-11-11,2150.95,2185.93,2150.43,95601711.48,2185.68
2022-11-12,2109.39,2114.42,2003.88,4245269980.64,2057.43
2022-11-13,2055.31,2122.64,1954.32,729259809.09,2011.05
2022-11-14,2144.09,2164.89,2077.84,288769672.72,2092.25
2022-11-15,1937.88,2057.16,1914.93,1893529308.27,1980.93
2022-11-16,2091.13,2166.48,2062.92,378113775.32,2107.36
2022-11-17,2172.95,2248.61,2047.21,1832568649.17,2129.83
2022-11-18,2157.5,2227.72,2075.51,920298312.56,2148.58
2022-11-19,2190.37,2255.92,2132.8,1504543402.84,2158.83
2022-11-20,2152.98,2212.86,2056.83,787877806.57,2117.24
2022-11-21,2191.58,2194.39,2121.25,2521444159.75,2142.58
2022-11-22,2267.85,2347.31,2203.62,4149295971.15,2243.63
2022-11-23,2307.47,2353.8,2224.7,2124114605.32,2250.87
2022-11-24,2337.52,2428.96,2252.81,1067202574.82,2334.51
2022-11-25,2482.93,2504.67,2384.82,3732518729.79,2465.32
2022-11-26,2399.83,2444.8,2290.4,3213035263.21,2355.1
2022-11-27,2359.38,2374.94,2295.74,3236769506.54,2313.95
2022-11-28,2264.52,2379.44,2250.63,149963810.56,2323.38
2022-11-29,2318.84,2400.44,2232.14,2989582671.56,2349.54
2022-11-30,2358.9,2419.14,2260.59,1353148382.26,2351.61
2022-12-01,2366.91,2420.38,2260.94,3953226258.71,2301.09
2022-12-02,2411.56,2412.38,2288.6,1419186877.34,2349.05
2022-12-03,2349.05,2381.92,2325.74,3631183743.07,2363.5
2022-12-04,2395.0,2494.27,2370.23,514004387.08,2454.29
2022-12-05,2483.65,2498.57,2398.39,1916737541.41,2438.66
2022-12-06,2307.17,2350.76,2257.62,4427167325.34,2336.6
2022-12-07,2222.05,2343.09,2211.78,4039305409.05,2277.63
2022-12-08,2177.26,2308.13,2135.14,3646315992.16,2222.46
2022-12-09,2163.55,2244.05,2087.59,3928905774.02,2144.07
2022-12-10,2162.4,2199.68,2107.93,3873133254.03,2117.19
2022-12-11,2145.04,2177.63,2111.61,384241462.28,2159.6
2022-12-12,2202.95,2274.2,2127.4,4353582826.07,2203.28
2022-12-13,2273.02,2361.12,2246.8,444966743.06,2266.61
2022-12-14,2367.52,2382.82,2240.99,1823008046.32,2307.43
2022-12-15,2277.78,2352.07,2257.0,1297141056.51,2335.33
2022-12-16,2342.84,2403.78,2212.29,628591459.16,2291.07
2022-12-17,2307.91,2311.56,2285.47,2010686679.34,2298.43
2022-12-18,2325.36,2413.19,2310.93,4760704344.03,2378.3
2022-12-19,2257.24,2336.54,2212.63,1321508889.33,2274.48
2022-12-20,2352.49,2413.08,2311.4,1231635758.67,2335.59
2022-12-21,2317.07,2317.81,2259.9,1460396394.92,2273.26
2022-12-22,2245.5,2340.33,2197.2,476580569.6,2304.54
2022-12-23,2348.48,2413.78,2339.1,2329616454.95,2353.3
2022-12-24,2496.2,2588.31,2412.62,1005360289.24,2435.2
2022-12-25,2460.37,2517.47,2460.02,2436612130.86,2485.92
2022-12-26,2432.27,2468.82,2350.13,2355138050.36,2465.05
2022-12-27,2418.26,2449.23,2305.17,3009376292.7,2398.09
2022-12-28,2276.23,2334.8,2228.29,279846800.31,2295.31
2022-12-29,2440.07,2533.05,2357.15,1356542069.75,2387.36
2022-12-30,2309.67,2409.36,2244.84,3563911444.56,2370.94
2022-12-31,2404.7,2455.18,2321.21,1304641656.79,2352.3
2023-01-01,2421.84,2454.97,2341.5,831021073.77,2364.85
2023-01-02,2320.9,2381.34,2272.2,3447264161.42,2342.08
2023-01-03,2369.37,2456.46,2311.47,59558229.44,2390.21
2023-01-04,2510.28,2570.24,2377.3,3343132816.98,2468.35
2023-01-05,2498.6,2592.45,2402.78,3686229236.86,2427.76
2023-01-06,2365.54,2406.27,2314.32,745958064.74,2391.87
2023-01-07,2479.19,2519.49,2364.97,28347687.28,2411.2
2023-01-08,2381.82,2468.46,2298.52,2252149967.61,2388.91
2023-01-09,2374.68,2510.05,2319.6,2734970276.24,2415.45
2023-01-10,2361.95,2446.64,2300.36,4762360637.07,2410.24
2023-01-11,2415.53,2569.01,2320.47,4484308019.0,2488.02
2023-01-12,2473.92,2559.8,2443.86,3248069269.7,2473.62
2023-01-13,2391.07,2464.81,2345.47,3827754888.21,2412.46
2023-01-14,2373.03,2446.47,2318.77,892706851.5,2429.39
2023-01-15,2349.7,2446.51,2320.42,2193093421.94,2366.51
2023-01-16,2294.72,2382.65,2287.84,4286416363.08,2324.95
2023-01-17,2372.39,2493.31,2335.98,2062285524.44,2430.16
2023-01-18,2426.43,2499.93,2419.37,507513341.24,2426.96
2023-01-19,2285.84,2379.06,2232.87,1122168060.67,2351.79
2023-01-20,2372.0,2414.73,2295.68,2353175469.88,2378.48
2023-01-21,2550.82,2592.95,2471.11,3522136434.28,2488.99
2023-01-22,2641.5,2642.31,2538.7,1127443628.03,2603.83
2023-01-23,2539.36,2662.15,2518.55,2079435456.91,2575.76
2023-01-24,2663.36,2802.73,2600.99,87495023.84,2705.31
2023-01-25,2794.8,2886.48,2698.8,1682098791.23,2742.69
2023-01-26,2874.29,2988.44,2712.4,4867716712.08,2797.23
2023-01-27,2888.52,2981.11,2784.85,653063617.41,2832.68
2023-01-28,2951.93,3067.33,2831.21,4521815147.98,2927.99
2023-01-29,2781.47,2941.27,2726.31,3160890931.7,2849.94
2023-01-30,2890.13,2987.59,2799.3,1308548312.7,2841.66
2023-01-31,2630.39,2687.98,2571.2,3148181689.7,2677.99
2023-02-01,2639.43,2642.37,2594.04,4603766026.07,2624.74
2023-02-02,2720.42,2734.63,2622.84,3161193943.1,2681.43
2023-02-03,2689.6,2738.71,2678.62,1491643306.67,2712.69
2023-02-04,2707.82,2792.96,2638.62,3299695900.37,2663.07
2023-02-05,2616.24,2751.24,2577.25,3195548983.32,2652.05
2023-02-06,2618.41,2687.41,2524.88,1419490561.76,2624.84
2023-02-07,2671.98,2681.9,2557.38,1813372616.28,2610.18
2023-02-08,2642.99,2646.73,2545.05,4796493693.53,2644.41
2023-02-09,2522.66,2659.63,2459.62,1574788830.22,2588.47
2023-02-10,2635.51,2688.23,2548.93,2840796310.6,2687.14
2023-02-11,2637.36,2640.68,2618.06,4968760492.88,2620.59
2023-02-12,2537.71,2553.79,2504.51,4633650064.44,2530.65
2023-02-13,2492.66,2542.46,2395.25,2563606157.51,2539.46
2023-02-14,2552.48,2635.55,2483.82,1106607946.2,2612.87
2023-02-15,2757.29,2860.95,2640.43,2413058611.93,2720.12
2023-02-16,2788.97,2821.81,2752.05,2484050509.9,2780.38
2023-02-17,2763.84,2808.06,2672.6,873067982.03,2761.74
2023-02-18,2670.62,2748.68,2626.14,3834579847.47,2706.16
2023-02-19,2546.59,2657.52,2541.88,2444280629.63,2575.71
2023-02-20,2664.74,2751.71,2586.21,3040405294.09,2625.81
2023-02-21,2568.6,2638.06,2504.28,3167165352.91,2579.54
2023-02-22,2542.26,2668.92,2500.24,1474432995.72,2615.42
2023-02-23,2682.53,2751.75,2627.3,1767744145.15,2630.96
2023-02-24,2643.23,2756.18,2575.33,372475252.7,2671.66
2023-02-25,2704.76,2745.0,2655.89,620294989.71,2679.53
2023-02-26,2647.91,2725.18,2626.22,4494732429.84,2675.38
2023-02-27,2694.31,2735.86,2641.62,2641039183.77,2684.38
2023-02-28,2745.27,2842.28,2712.33,383372737.57,2727.61
2023-03-01,2825.82,2873.49,2733.86,1595738640.64,2760.78
2023-03-02,2791.07,2846.74,2740.21,2111973857.99,2741.27
2023-03-03,2719.6,2801.4,2646.37,1920459015.67,2782.35
2023-03-04,2755.36,2849.72,2730.5,4559099285.86,2731.81
2023-03-05,2670.96,2797.07,2607.16,4480189330.22,2705.97
2023-03-06,2746.25,2753.88,2624.06,4014541277.75,2722.6
2023-03-07,2749.48,2779.68,2686.4,2007718269.51,2713.13
2023-03-08,2675.91,2718.01,2625.73,2278362888.56,2658.0
2023-03-09,2693.18,2797.37,2545.29,1875791353.87,2637.99
2023-03-10,2554.89,2627.23,2463.44,1621066611.4,2626.13
2023-03-11,2644.76,2690.85,2528.52,963886869.72,2615.32
2023-03-12,2731.06,2839.16,2659.57,4341394213.6,2666.6
2023-03-13,2591.83,2712.31,2499.64,4736252855.42,2629.75
2023-03-14,2700.24,2788.0,2603.77,859989764.28,2682.1
2023-03-15,2650.44,2759.25,2557.81,4310855547.1,2709.32
2023-03-16,2787.82,2833.91,2652.01,620642812.65,2712.02
2023-03-17,2574.49,2634.0,2535.41,4881983769.16,2570.24
2023-03-18,2483.25,2551.42,2413.34,423143427.46,2524.78
2023-03-19,2625.97,2717.66,2581.14,3678988711.39,2616.78
2023-03-20,2698.27,2704.78,2520.42,1088515985.8,2624.0
2023-03-21,2700.06,2720.36,2554.53,1051220675.42,2649.43
2023-03-22,2636.59,2716.8,2510.03,2275569607.24,2581.08
2023-03-23,2485.81,2589.74,2477.28,1101736305.91,2538.51
2023-03-24,2479.12,2530.04,2404.24,947887828.52,2425.58
2023-03-25,2516.11,2566.85,2446.38,4350458586.59,2550.1
2023-03-26,2585.73,2662.79,2451.84,4471549291.09,2528.65
2023-03-27,2453.05,2502.86,2419.88,2268678171.09,2500.0
2023-03-28,2423.98,2528.93,2341.63,2515930055.83,2486.03
2023-03-29,2628.76,2634.35,2551.06,498085361.31,2627.51
2023-03-30,2552.2,2594.27,2491.22,2974305334.44,2564.11
2023-03-31,2484.88,2533.95,2424.28,3408991019.05,2480.48
2023-04-01,2345.34,2390.55,2254.88,1338229440.76,2385.48
2023-04-02,2206.6,2274.77,2138.32,3104901497.0,2265.61
2023-04-03,2199.67,2319.73,2189.07,1348652079.34,2253.57
2023-04-04,2159.85,2267.77,2103.49,1447082823.16,2198.67
2023-04-05,2073.38,2167.89,2048.54,2389024062.29,2125.11
2023-04-06,2051.69,2151.22,1989.2,1582411370.06,2075.94
2023-04-07,2156.76,2169.0,2023.06,2378257447.15,2106.23
2023-04-08,2099.45,2135.62,2037.63,394115569.16,2120.57
2023-04-09,2087.6,2168.56,2041.28,2446653631.53,2075.89
2023-04-10,1954.08,1992.82,1939.93,2840660983.05,1984.14
2023-04-11,2081.34,2095.27,2007.24,478611393.12,2078.19
2023-04-12,2047.95,2133.27,2003.11,3676726870.47,2072.25
2023-04-13,2110.41,2142.9,2027.14,1769605626.71,2112.13
2023-04-14,2136.12,2212.28,2090.49,4286211241.16,2109.52
2023-04-15,2117.14,2226.96,2094.13,113429116.74,2167.5
2023-04-16,2186.48,2261.37,2096.48,716749297.85,2125.44
2023-04-17,2115.83,2198.2,2032.23,3724381944.35,2085.67
2023-04-18,2047.88,2165.88,2018.28,4827610772.01,2086.2
2023-04-19,2193.85,2233.27,2138.95,2639265326.51,2142.52
2023-04-20,2056.84,2142.88,2047.62,1961220865.77,2086.22
2023-04-21,1919.33,1944.73,1882.48,1722939471.1,1941.54
2023-04-22,2032.18,2067.41,1974.57,4841083647.57,2018.57
2023-04-23,2086.68,2128.33,2003.99,2336924187.6,2029.52
2023-04-24,1947.39,2066.05,1918.08,3324958402.3,1989.13
2023-04-25,2011.1,2012.36,1899.78,1422256320.86,1975.57
2023-04-26,2025.25,2029.56,1958.08,2157310914.38,2014.01
2023-04-27,1983.02,2041.24,1926.17,4296462613.01,2013.04
2023-04-28,2031.47,2093.95,1943.53,439157291.87,2011.52
2023-04-29,1953.71,2036.5,1881.87,1102100249.53,1989.92
2023-04-30,2150.06,2184.08,2133.87,3188852797.13,2153.53
2023-05-01,1980.35,2050.48,1925.06,1560571645.31,2029.28
2023-05-02,2099.23,2156.24,2034.54,2895055411.79,2091.21
2023-05-03,2031.62,2123.07,1974.82,437133656.25,2077.02
2023-05-04,2053.56,2105.17,2008.22,1886070059.57,2045.38
2023-05-05,2039.15,2121.19,1983.14,4675050275.47,2084.35
2023-05-06,2071.18,2109.98,1998.27,2108323268.13,2045.09
2023-05-07,2042.05,2120.26,1987.72,3781723712.55,2034.85
2023-05-08,2055.4,2080.27,1979.46,2565911910.1,2041.29
2023-05-09,2094.03,2118.6,2065.41,1969370018.6,2085.82
2023-05-10,2120.22,2133.14,2103.89,4375805254.09,2132.64
2023-05-11,2058.85,2185.59,2030.01,1674082438.17,2115.37
2023-05-12,2068.54,2144.38,2025.63,1663224906.27,2119.74
2023-05-13,2223.52,2289.28,2117.14,1033271603.41,2200.49
2023-05-14,2186.51,2300.38,2142.37,1125482481.99,2234.21
2023-05-15,2158.94,2212.21,2158.0,42189495.19,2185.04
2023-05-16,2087.76,2147.14,2013.83,10178201.75,2089.65
2023-05-17,2018.52,2085.46,1976.03,4165304998.19,2068.56
2023-05-18,2045.69,2057.18,1973.83,2028741106.64,2052.61
2023-05-19,2191.15,2239.07,2131.81,3409789030.64,2147.13
2023-05-20,2182.39,2236.27,2087.83,3184623852.43,2136.34
2023-05-21,2196.19,2211.19,2153.15,2737938317.88,2175.63
2023-05-22,2264.57,2294.12,2234.45,4795866157.99,2267.81
2023-05-23,2169.48,2244.68,2092.01,2090313377.82,2183.74
2023-05-24,2177.45,2189.76,2130.17,2825403329.83,2187.32
2023-05-25,2253.09,2333.59,2199.68,222732666.07,2233.65
2023-05-26,2291.56,2379.81,2189.32,3618095687.01,2236.93
2023-05-27,2191.44,2285.97,2147.89,1750682067.97,2210.3
2023-05-28,2393.7,2431.1,2275.8,3283037045.04,2364.44
2023-05-29,2285.92,2374.2,2266.41,1398917320.27,2308.17
2023-05-30,2419.47,2448.79,2324.2,4581638517.29,2381.94
2023-05-31,2342.52,2408.35,2302.8,4637787104.92,2346.5
2023-06-01,2339.44,2388.61,2221.27,1627142294.93,2301.41
2023-06-02,2369.12,2407.39,2262.67,4261635609.32,2352.54
2023-06-03,2289.63,2346.45,2207.77,4671827205.64,2337.43
2023-06-04,2304.48,2379.02,2215.85,1190719757.95,2239.8
2023-06-05,2307.83,2323.89,2244.07,3781511231.79,2253.77
2023-06-06,2250.76,2261.07,2222.05,373679655.29,2235.75
2023-06-07,2281.05,2336.39,2231.26,4618518718.99,2245.57
2023-06-08,2191.76,2295.3,2154.39,1006674798.18,2207.97
2023-06-09,2251.13,2325.06,2186.85,1013951783.35,2285.07
2023-06-10,2383.37,2401.7,2300.92,3149287159.22,2340.03
2023-06-11,2455.95,2475.95,2412.87,4467522147.34,2431.35
2023-06-12,2398.49,2405.4,2313.86,3652585807.21,2391.81
2023-06-13,2499.24,2563.44,2389.94,4163690515.2,2439.09
2023-06-14,2355.55,2435.44,2313.97,697988946.44,2376.64
2023-06-15,2286.86,2387.99,2229.79,363629409.82,2347.84
2023-06-16,2408.72,2449.74,2334.59,3011433030.12,2438.24
2023-06-17,2463.19,2510.73,2457.34,4612143912.26,2488.43
2023-06-18,2423.1,2574.3,2420.01,383137842.99,2487.59
2023-06-19,2596.21,2684.82,2577.48,2505234570.12,2584.53
2023-06-20,2597.16,2608.68,2512.42,4587782773.34,2566.74
2023-06-21,2543.03,2582.8,2475.7,1311796714.3,2579.71
2023-06-22,2469.5,2579.37,2443.21,4621629568.7,2524.13
2023-06-23,2642.33,2735.16,2536.68,373830390.05,2616.69
2023-06-24,2784.44,2869.7,2644.77,4905469652.29,2750.91
2023-06-25,2776.06,2842.48,2661.19,412161506.48,2703.09
2023-06-26,2512.89,2552.23,2415.95,2542945284.35,2547.97
2023-06-27,2521.55,2565.08,2429.38,4250669177.2,2499.01
2023-06-28,2444.8,2589.54,2426.35,2675587446.95,2511.81
2023-06-29,2563.73,2633.66,2483.17,2766954840.47,2509.48
2023-06-30,2641.29,2686.69,2550.82,697474446.27,2610.67
2023-07-01,2636.6,2741.42,2634.76,1844866266.96,2646.45
2023-07-02,2600.17,2695.81,2557.39,1143358172.04,2671.02
2023-07-03,2778.76,2877.5,2715.46,2844562572.01,2738.11
2023-07-04,2786.22,2876.79,2648.38,642312312.71,2749.95
2023-07-05,2696.58,2754.08,2626.44,3279492670.02,2749.27
2023-07-06,2768.86,2821.88,2654.75,393251130.74,2751.34
2023-07-07,2766.42,2869.58,2710.53,3678740952.98,2808.51
2023-07-08,2665.92,2788.77,2659.68,3903239943.4,2711.43
2023-07-09,2794.05,2903.21,2741.16,1345000893.93,2829.24
2023-07-10,2727.27,2903.19,2695.15,3113140184.7,2802.26
2023-07-11,2687.8,2745.97,2595.03,4879932645.93,2723.79
2023-07-12,2689.96,2778.24,2670.2,718386548.15,2737.46
2023-07-13,2930.96,3012.83,2809.36,2274277297.23,2849.26
2023-07-14,2830.86,2944.72,2761.13,4137622464.04,2912.34
2023-07-15,2894.62,3001.77,2849.44,2481833918.35,2968.63
2023-07-16,2933.78,3041.05,2838.07,2161113973.69,3016.22
2023-07-17,2880.29,2995.93,2827.47,1745544646.81,2959.8
2023-07-18,3132.0,3247.6,3048.49,4053115996.56,3059.82
2023-07-19,3093.65,3187.36,2995.75,4147904880.58,3076.86
2023-07-20,3043.78,3133.32,2889.24,554958921.6,3002.48
2023-07-21,3014.02,3121.94,2975.2,4293985323.05,3034.39
2023-07-22,3126.26,3197.33,3052.8,821118859.07,3112.7
2023-07-23,3057.77,3171.56,3048.56,668044837.26,3079.71
2023-07-24,3304.18,3315.48,3120.61,2718594735.98,3217.13
2023-07-25,3199.37,3281.86,3150.17,1814857385.99,3230.86
2023-07-26,3213.43,3291.58,3044.2,2846520966.94,3154.7
2023-07-27,3006.12,3070.91,2907.37,2318994100.14,3038.75
2023-07-28,3042.33,3100.77,2941.17,1097034074.88,2959.6
2023-07-29,2910.98,3102.47,2826.73,3055539324.59,2990.17
2023-07-30,2922.28,3070.82,2837.67,4346586304.75,2979.53
2023-07-31,2937.26,3080.22,2837.03,3093567028.96,3004.46
2023-08-01,2955.54,3122.93,2939.06,2903654670.15,3039.71
2023-08-02,2967.34,3138.75,2855.87,3575602323.19,3051.2
2023-08-03,3080.47,3186.13,2969.01,3594413292.88,3047.85
2023-08-04,3125.29,3169.01,2991.91,2224625293.5,3106.55
2023-08-05,3017.69,3094.86,2996.28,2085688655.05,3049.56
2023-08-06,3071.61,3179.22,2941.28,1639437303.09,3045.68
2023-08-07,3045.14,3141.87,2980.66,4867770988.92,3062.01
2023-08-08,3016.75,3036.1,2880.4,4652239487.16,2994.85
2023-08-09,3029.02,3126.92,2950.44,3906560018.53,3009.33
2023-08-10,3001.8,3071.63,2921.61,1082194911.39,3000.33
2023-08-11,3050.57,3097.07,3009.45,401440411.78,3009.71
2023-08-12,2916.88,3104.77,2826.41,2522444475.66,2992.78
2023-08-13,2894.29,2993.88,2876.65,2643504430.53,2908.59
2023-08-14,2790.09,2921.43,2737.02,2210676895.91,2867.26
2023-08-15,2815.48,2878.7,2730.23,3840540637.21,2850.87
2023-08-16,2960.69,3039.85,2930.87,585930427.75,2985.42
2023-08-17,3060.5,3104.8,2914.67,2533160779.79,2992.24
2023-08-18,3191.04,3274.43,3064.41,2250350427.13,3113.58
2023-08-19,3084.71,3100.17,2969.43,3884476874.75,3025.39
2023-08-20,3056.27,3145.19,2950.91,1308791978.37,3073.31
2023-08-21,2981.21,3109.49,2979.21,2884298636.51,3057.99
2023-08-22,3147.42,3244.69,3110.06,4383264427.9,3122.57
2023-08-23,3117.1,3232.13,3108.39,3716841422.27,3161.99
2023-08-24,3094.93,3170.21,3024.54,3453332359.29,3165.9
2023-08-25,3278.61,3399.08,3195.7,1778295178.31,3207.99
2023-08-26,3186.5,3276.69,3149.79,603957921.87,3205.29
2023-08-27,3360.61,3443.5,3341.48,235736114.07,3342.27
2023-08-28,3281.26,3327.85,3163.61,2050284877.93,3234.92
2023-08-29,3049.98,3147.99,2944.4,925419385.96,3089.03
2023-08-30,3184.56,3301.28,3126.59,428109561.58,3134.54
2023-08-31,3192.74,3301.45,3113.48,2198549334.72,3217.87
2023-09-01,3153.66,3227.85,3145.06,493524024.93,3152.02
2023-09-02,3142.97,3255.78,3078.3,4221886481.95,3130.92
2023-09-03,3185.21,3240.59,3098.39,900294902.91,3199.28
2023-09-04,3336.82,3468.86,3186.61,2600483503.26,3290.5
2023-09-05,3424.03,3508.33,3285.88,1431106874.02,3408.66
2023-09-06,3446.1,3581.27,3348.03,4589288397.09,3458.78
2023-09-07,3608.49,3717.24,3495.09,3335503724.37,3505.67
2023-09-08,3615.44,3724.61,3405.55,4513681099.18,3543.41
2023-09-09,3689.18,3768.84,3561.26,43258882.81,3590.12
2023-09-10,3536.16,3735.92,3475.5,3663126198.35,3600.29
2023-09-11,3586.91,3706.15,3481.39,556978235.13,3582.42
2023-09-12,3523.78,3596.71,3419.91,4323868729.27,3535.57
2023-09-13,3471.1,3572.68,3252.21,1775068601.89,3371.36
2023-09-14,3550.71,3597.17,3433.86,1387779069.12,3502.93
2023-09-15,3605.08,3679.03,3545.14,3536980909.58,3577.04
2023-09-16,3482.51,3626.89,3453.84,1594460721.61,3496.49
2023-09-17,3754.42,3853.7,3661.03,187824569.24,3679.05
2023-09-18,3591.34,3726.57,3583.17,3370004679.01,3671.32
2023-09-19,3611.06,3684.83,3584.17,3670467818.37,3662.64
2023-09-20,3732.57,3874.53,3629.39,3749735422.35,3650.25
2023-09-21,3599.12,3719.68,3535.45,1050649388.3,3709.7
2023-09-22,3698.49,3808.9,3636.93,3192195988.74,3751.82
2023-09-23,3836.02,3940.55,3710.21,1507501850.39,3839.65
2023-09-24,3845.26,3971.37,3751.78,1792068079.72,3848.71
2023-09-25,3923.68,3943.34,3784.37,4405666993.97,3928.17
2023-09-26,4041.39,4093.99,3877.61,587937707.37,3930.69
2023-09-27,3841.71,3898.97,3705.49,3487873218.03,3849.86
2023-09-28,3799.68,3925.81,3722.04,2065894564.68,3803.39
2023-09-29,3588.03,3688.47,3517.35,4450154959.76,3646.04
2023-09-30,3712.22,3751.06,3552.95,1962978185.24,3652.65
2023-10-01,3608.38,3678.74,3595.73,1348902995.98,3620.99
2023-10-02,3678.71,3724.1,3524.5,2866803426.44,3609.72
2023-10-03,3457.66,3557.35,3405.83,4739910193.4,3528.25
2023-10-04,3490.36,3493.14,3429.98,4014040260.33,3468.52
2023-10-05,3333.82,3514.19,3322.12,3836541832.48,3417.85
2023-10-06,3303.71,3351.56,3194.21,793394626.32,3300.02
2023-10-07,3267.74,3380.11,3160.24,4008414119.75,3260.76
2023-10-08,3265.99,3420.15,3258.16,190014112.73,3322.69
2023-10-09,3188.46,3406.49,3073.99,1995707666.05,3283.0
2023-10-10,3196.72,3265.02,3167.62,1244070606.52,3235.26
2023-10-11,3195.5,3255.76,3167.9,3279827034.32,3239.73
2023-10-12,3284.12,3341.39,3162.46,3613343218.79,3330.08
2023-10-13,3484.47,3542.37,3295.27,4152955079.55,3430.46
2023-10-14,3439.55,3548.6,3282.24,3032400988.77,3391.55
2023-10-15,3323.87,3405.29,3259.04,126925438.33,3361.75
2023-10-16,3305.81,3441.23,3235.91,1463280882.86,3353.24
2023-10-17,3325.78,3540.86,3267.38,2421914100.34,3409.02
2023-10-18,3443.42,3499.41,3374.14,1974289457.63,3497.0
2023-10-19,3411.6,3513.01,3289.92,1128063691.96,3437.85
2023-10-20,3466.67,3575.42,3406.09,3217664639.35,3523.3
2023-10-21,3474.25,3623.2,3470.89,485991284.91,3509.53
2023-10-22,3592.62,3630.76,3469.22,3086277467.4,3594.82
2023-10-23,3746.0,3860.48,3681.07,1169824493.19,3751.96
2023-10-24,3717.23,3810.58,3590.94,1614000478.82,3759.77
2023-10-25,3703.02,3763.23,3541.84,3455082719.8,3688.56
2023-10-26,3703.86,3750.24,3642.34,1615971408.73,3693.76
2023-10-27,3573.75,3647.29,3509.56,4963849240.97,3529.52
2023-10-28,3608.39,3662.62,3531.09,818844640.14,3565.76
2023-10-29,3639.72,3663.92,3505.65,4859862207.67,3586.33
2023-10-30,3605.05,3795.86,3531.1,3747477231.04,3677.71
2023-10-31,3711.63,3770.93,3597.06,2183042218.53,3701.18
2023-11-01,3682.48,3759.44,3587.75,1864442745.77,3643.85
2023-11-02,3876.34,3898.28,3768.45,1030264588.12,3841.71
2023-11-03,3731.35,3768.85,3646.94,4681650468.76,3727.02
2023-11-04,3723.18,3830.42,3608.72,685342839.65,3630.15
2023-11-05,3359.67,3519.11,3245.49,344569585.67,3461.47
2023-11-06,3534.99,3579.09,3324.97,3473285407.49,3436.64
2023-11-07,3273.23,3424.78,3162.78,1758759436.65,3361.76
2023-11-08,3355.93,3386.27,3294.41,4640118699.23,3344.06
2023-11-09,3393.54,3472.88,3228.01,3126259670.76,3320.21
2023-11-10,3452.13,3507.67,3388.75,3300244175.8,3472.29
2023-11-11,3565.08,3605.0,3412.74,520587403.2,3516.41
2023-11-12,3603.12,3687.77,3506.93,1657499348.02,3540.06
2023-11-13,3508.84,3671.22,3490.79,3345799598.52,3556.38
2023-11-14,3432.95,3461.55,3403.2,4945545255.84,3438.43
2023-11-15,3492.93,3592.15,3475.42,1623456000.67,3568.63
2023-11-16,3742.84,3750.65,3584.57,2204048214.8,3655.98
2023-11-17,3614.58,3631.54,3550.91,1892774662.69,3614.5
2023-11-18,3520.96,3612.6,3424.03,2614708665.85,3545.31
2023-11-19,3434.09,3565.33,3357.67,4169688620.16,3365.0
2023-11-20,3373.84,3487.19,3273.02,2455566587.96,3331.59
2023-11-21,3373.98,3432.74,3274.63,136224817.43,3362.3
2023-11-22,3212.18,3298.65,3169.78,3645172600.87,3238.28
2023-11-23,3359.11,3485.34,3181.11,903237944.07,3261.68
2023-11-24,3413.41,3414.87,3288.38,2634752948.0,3363.44
2023-11-25,3352.21,3486.58,3252.15,4608604126.76,3435.89
2023-11-26,3460.53,3465.17,3338.78,2398886995.07,3438.5
2023-11-27,3513.21,3655.24,3509.15,4118395286.59,3566.05
2023-11-28,3682.03,3818.65,3603.11,3164878012.82,3603.51
2023-11-29,3580.44,3687.93,3474.69,200586032.52,3501.66
2023-11-30,3408.54,3633.17,3293.08,3683618883.73,3507.7
2023-12-01,3522.71,3659.55,3389.7,3191015997.05,3539.79
2023-12-02,3413.64,3519.37,3351.38,4917183107.17,3505.7
2023-12-03,3444.38,3666.05,3423.47,1589236625.43,3547.25
2023-12-04,3708.15,3842.5,3601.64,4722061863.52,3662.16
2023-12-05,3425.76,3561.24,3380.49,334124954.44,3445.78
2023-12-06,3491.6,3561.64,3387.67,429003814.32,3424.8
2023-12-07,3299.61,3428.3,3190.45,3736673856.84,3360.36
2023-12-08,3452.44,3452.89,3285.55,1759917041.12,3383.85
2023-12-09,3363.41,3439.59,3252.86,590145834.32,3324.26
2023-12-10,3330.78,3514.31,3222.28,2959831165.42,3414.67
2023-12-11,3618.58,3650.07,3467.97,415561916.66,3556.96
2023-12-12,3572.0,3607.26,3501.64,3215163783.61,3524.58
2023-12-13,3626.13,3645.38,3436.08,3532510675.73,3571.31
2023-12-14,3469.23,3557.44,3374.25,1137542296.71,3537.57
2023-12-15,3537.09,3649.52,3494.3,1330080265.26,3606.97
2023-12-16,3777.78,3867.58,3679.39,3212711295.04,3780.07
2023-12-17,3725.96,3731.43,3629.09,1934546650.92,3653.24
2023-12-18,3701.76,3732.95,3649.35,1741138438.24,3693.35
2023-12-19,3688.94,3859.94,3615.72,4150989836.96,3754.85
2023-12-20,3663.08,3676.38,3566.9,1298487109.01,3599.52
2023-12-21,3494.67,3671.44,3380.94,707678256.34,3577.24
2023-12-22,3600.46,3654.07,3492.67,2946070000.88,3581.8
2023-12-23,3746.74,3877.03,3570.32,2112824736.03,3717.86
2023-12-24,3711.19,3845.5,3577.61,4566612627.11,3748.36
2023-12-25,3642.07,3715.2,3614.28,2287663923.44,3711.97
2023-12-26,3826.97,3893.56,3718.07,4172141091.86,3809.61
2023-12-27,3771.08,3911.48,3665.51,4854120703.75,3808.12
2023-12-28,3988.45,4110.21,3884.66,2539734181.82,3900.13
2023-12-29,3854.46,3916.25,3606.45,2565899707.9,3752.25
2023-12-30,3926.36,4065.61,3824.0,4714803196.3,3829.32
2023-12-31,3970.05,3990.68,3806.64,4799967361.45,3910.96
